tweetid,sentiment
169760,1
35326,1
224985,0
476263,0
872928,-1
75639,2
211536,-1
569434,0
315368,1
591733,0
91983,0
67249,0
143459,2
663535,-1
20476,0
815297,0
274098,0
30045,-1
681487,0
708966,2
393689,0
186705,-1
233977,1
525794,0
863649,0
315964,-1
588985,0
669979,0
137059,2
556915,-1
951973,2
72939,0
205796,0
478581,2
453375,1
555551,-1
219030,-1
546209,2
416919,2
433824,0
621526,0
616108,-1
70943,1
153248,-1
854719,-1
616444,0
118418,1
846132,-1
443106,2
758958,0
376412,-1
667731,2
222107,2
349545,-1
284026,2
564727,-1
522979,-1
460970,-1
371750,2
251299,2
485211,0
502976,0
623282,2
217605,-1
225330,2
58854,2
723671,-1
366409,0
704565,-1
655925,0
717618,2
922449,0
729885,-1
599133,1
89885,0
249039,1
440750,2
18663,0
314549,-1
643414,0
61835,-1
659073,-1
178597,0
152298,0
581943,0
781913,-1
336886,1
624852,1
655116,0
5591,-1
731620,-1
872882,2
320393,-1
353463,2
816508,2
636325,2
53058,0
725589,0
693559,1
66255,-1
218797,-1
307092,0
188557,0
137392,-1
597086,2
96006,2
330509,2
78639,0
536231,-1
304814,0
553696,1
455898,1
745466,2
846719,0
722710,-1
989172,-1
492079,2
315869,1
32675,0
959684,-1
641938,0
933443,-1
458401,0
554994,0
461467,0
902353,2
178794,2
387356,-1
380276,0
824355,0
685606,-1
85488,0
50608,-1
447977,0
943930,0
183083,0
359626,1
810128,0
380913,-1
516209,0
993538,1
594772,2
22428,-1
991876,0
504172,-1
283272,2
914599,2
752129,2
701957,2
858489,0
221704,1
409406,1
468372,0
818509,1
204729,2
394896,-1
397593,1
465474,1
450344,2
502719,0
816499,1
291002,0
301225,-1
402773,2
81233,2
642569,2
900041,1
67900,1
237131,1
311030,0
975455,0
69232,0
156024,2
268543,-1
586693,2
709157,0
582003,1
689136,0
953619,2
971710,-1
809619,0
595597,0
274499,0
771063,-1
597739,0
110053,0
723442,2
881554,2
704923,0
822018,-1
505322,0
120776,0
404757,0
811053,0
317696,1
734766,1
841196,0
400682,2
649511,2
740566,-1
798359,0
861578,2
5417,1
609894,1
174874,2
227482,0
316886,0
112798,0
44507,0
444423,0
878768,2
951095,-1
970445,0
208227,2
545402,-1
498559,2
454769,0
490905,0
343981,0
891649,0
794296,0
669149,2
104997,0
54711,0
756770,-1
632633,2
882503,-1
604089,-1
37591,2
304290,2
167356,0
398680,1
268980,2
485450,0
246743,2
83632,2
804653,2
614272,0
699619,-1
128361,-1
617614,0
756863,2
550624,-1
971913,0
597102,2
468901,1
512603,0
869,1
135515,-1
471002,2
76054,2
835455,0
593722,1
209903,0
311687,0
38624,0
140169,0
50739,-1
134179,0
368885,-1
955073,0
642519,2
849811,1
377434,-1
61946,1
128149,1
545779,2
145812,2
839220,1
23630,-1
631635,0
659284,2
636800,2
246233,2
224961,0
227170,1
24500,2
444613,0
173797,0
183700,2
305251,2
487336,0
521403,0
741971,0
171732,1
354162,0
572875,2
337961,2
39327,-1
666488,0
686787,1
248289,2
644357,-1
106812,-1
492300,1
929522,0
827492,0
92888,2
748860,0
544547,0
970736,1
805808,-1
320551,2
210944,1
109631,-1
251292,1
170364,-1
948426,0
780776,1
693604,2
799998,1
373943,1
593149,1
264289,2
479344,-1
820909,1
492817,-1
831733,0
405413,0
685176,-1
982870,1
92655,1
929710,0
365298,-1
597644,1
908494,0
532450,1
431470,0
261786,-1
126953,1
157454,0
911863,2
968491,1
341684,0
868000,2
937870,2
196243,1
749947,2
10201,2
861465,0
418775,-1
561942,2
61831,0
224428,-1
470738,0
694377,-1
557591,0
504856,0
988980,0
811937,1
78955,0
166783,-1
2520,1
268418,0
911873,0
380946,0
841067,-1
760341,2
872864,0
833511,2
795400,2
947288,-1
97754,0
848402,0
77036,2
280663,0
654324,0
105628,1
227665,1
169839,1
334216,0
502105,2
174279,2
193681,-1
457324,-1
562231,1
254480,2
432635,-1
916814,2
217862,-1
454694,0
512554,2
249736,2
979904,-1
841942,2
141852,2
279014,2
511552,-1
502057,-1
822243,0
586976,0
870627,0
809260,-1
258979,1
342572,0
833715,1
63205,0
327,2
286773,-1
831328,1
265516,2
988076,2
92963,0
813089,-1
372840,2
460869,0
700900,1
54421,2
83811,0
932229,2
14731,2
416245,0
91717,-1
37782,0
168950,0
791767,0
612474,0
863569,0
833620,0
831050,-1
327186,-1
70954,2
744906,-1
410805,2
321290,2
560166,0
199999,-1
520958,2
486093,2
433768,0
170942,0
97769,2
574580,2
427983,-1
536786,-1
64572,0
932658,0
875904,-1
388184,0
448406,-1
280094,1
196585,-1
297123,2
583405,0
749358,-1
8540,2
92130,2
682459,0
493774,0
81514,1
937131,0
683822,-1
181932,0
185061,0
718905,0
467768,0
50360,0
37282,1
324725,1
587613,-1
759085,2
995304,0
62430,1
959472,-1
134816,2
443799,1
84144,2
626595,1
382192,0
249680,0
209100,2
505060,2
510212,-1
454150,0
900706,0
355447,1
415557,0
431394,0
796461,0
551013,0
71926,0
260753,1
883406,0
973790,2
673020,0
573493,2
850799,0
596499,0
430720,2
970612,0
645141,0
122672,2
572212,0
590281,1
185082,-1
643999,0
276142,0
522428,2
242869,0
859835,0
179238,0
830861,2
659715,-1
742214,0
44768,2
156753,-1
689726,2
659825,2
805236,1
484743,0
843791,0
401342,0
268165,-1
450971,0
969588,0
493909,0
775367,2
102955,2
356595,2
860992,-1
478186,0
235851,0
859554,0
383555,0
568803,2
522415,-1
493050,-1
568528,0
371027,-1
554560,-1
969599,0
70097,1
898167,2
483103,1
773089,0
436540,-1
214657,0
824653,-1
132616,-1
962166,2
357327,0
183595,2
338190,0
821753,1
782634,2
355771,0
102889,0
335544,2
417438,-1
99418,0
774033,0
151834,-1
573075,0
675187,0
488287,1
317596,2
848773,0
177318,2
743728,0
166017,0
668192,2
242646,-1
572824,2
516374,-1
569974,-1
368987,0
35989,2
439267,1
425036,2
978741,-1
161511,-1
158819,0
225262,-1
398562,-1
940439,0
657384,1
348631,-1
950221,2
390207,1
633050,-1
45603,2
892219,0
763551,0
219247,1
78219,1
106376,-1
664990,2
61204,2
444521,0
162744,-1
10394,-1
107336,0
400960,-1
157258,0
762553,1
398197,1
513701,0
450710,0
192494,1
376697,1
466375,2
600809,0
337306,0
597597,0
282282,0
619747,-1
848426,2
468720,1
954154,0
544640,0
192358,2
768797,2
817583,0
864589,0
104220,1
725297,2
973859,-1
942269,2
145192,0
965827,1
861437,-1
296887,-1
817495,-1
273994,1
799474,2
177872,2
532392,1
770417,2
706812,0
193396,0
863034,0
967152,1
948038,2
608126,1
412897,0
970466,2
604868,0
94532,1
820173,-1
833762,2
604371,2
961064,-1
419528,1
79982,-1
564369,2
489017,-1
887262,0
402712,2
963864,-1
854765,-1
331759,0
26332,2
238943,1
431614,0
329434,0
680680,0
39578,2
670432,1
371166,2
686203,0
118985,0
263823,0
275604,-1
390449,1
553573,2
159171,2
172630,1
867879,-1
555667,1
107607,2
671813,0
29467,-1
424298,0
247885,2
66440,0
794065,2
383354,-1
73974,1
597362,1
873587,1
755011,1
736998,0
117248,0
692018,0
813376,0
834684,1
546314,0
876985,-1
207998,0
110340,2
715656,2
88611,2
716533,0
269830,0
661339,2
96822,0
101833,1
548873,0
432375,1
963943,0
105738,0
814952,2
933283,0
476266,0
713154,2
729178,-1
739461,2
46459,0
564711,2
9295,2
89381,-1
997108,1
434160,1
632113,0
349480,-1
981685,0
891296,2
795819,0
22856,2
176472,-1
760306,2
364909,-1
593804,2
307467,0
610642,2
129662,-1
569359,0
561862,0
423167,0
840583,1
683275,0
190548,0
958471,0
740052,1
631040,-1
976028,1
990527,0
58802,1
406698,2
166458,2
758638,2
864544,1
937863,2
839640,2
43118,0
554437,2
24114,-1
594987,2
2994,2
983985,-1
738824,-1
578675,2
246789,1
459925,0
723464,2
939557,2
962770,2
432283,0
295172,-1
354011,0
917171,0
368282,0
799357,0
218943,-1
354686,-1
180377,2
979574,0
457365,1
855074,2
527673,1
785117,-1
973760,-1
928581,2
56229,2
489025,0
43190,0
563462,2
972585,1
593576,2
327139,1
615819,0
538945,2
967095,1
993681,0
568295,2
969003,2
644408,0
956047,-1
525657,0
56665,-1
617655,-1
838447,1
931195,1
577981,1
870874,1
480174,0
695290,-1
645362,2
475332,0
78586,2
792010,0
600177,0
579760,0
733217,-1
130633,2
246139,1
83570,-1
233932,2
65704,-1
720328,0
182815,2
992508,0
582996,0
712952,0
217793,-1
960416,2
387077,0
62147,1
158157,2
16196,1
211659,0
368185,2
681044,0
368951,2
200078,1
947641,1
591630,1
60500,2
257401,2
478713,2
735450,2
633125,2
610055,0
632978,-1
365076,0
875539,0
758419,0
709088,1
768261,0
209509,2
127305,1
121053,0
19558,0
801712,0
837454,0
541857,1
11629,0
10359,2
66175,0
23284,2
211731,0
32828,0
300306,0
798465,-1
429350,-1
96211,0
287991,0
580986,2
782530,0
446353,2
404665,-1
971456,2
503290,0
675704,2
225076,0
593471,1
481167,0
161297,0
270003,1
411180,-1
271499,0
672109,1
602150,0
575468,-1
181408,0
161726,2
977902,1
788232,0
725006,-1
722658,0
600224,1
793349,-1
451620,2
424135,1
88627,0
806009,1
192064,1
685562,0
284646,0
715307,0
883501,-1
842439,2
33587,-1
730304,1
87268,0
494947,1
557924,0
351002,2
361958,-1
624214,1
513910,1
506543,2
778056,1
357156,0
370081,0
880261,0
509403,0
580774,-1
837095,-1
560337,1
132783,2
304998,0
819879,1
849455,0
346200,-1
625746,-1
677462,2
107732,0
277516,2
119700,2
219147,0
773453,0
813113,2
121431,0
258442,2
15784,2
491379,0
767093,2
508244,0
711697,0
78517,0
592053,0
723025,-1
310230,1
751878,0
617843,0
265859,0
410288,2
708448,0
254072,2
791956,2
515974,1
972791,0
330960,0
126876,2
316154,0
179087,2
586916,0
70846,0
752225,0
404604,-1
836527,0
678059,-1
333311,2
74980,1
477908,-1
506657,1
980875,-1
805679,0
193548,2
818493,1
625918,0
215713,0
126166,0
709380,0
570628,0
898663,-1
103967,1
934788,-1
327499,-1
953095,-1
592527,1
488806,-1
531595,2
899135,-1
661210,0
311285,1
956537,0
536614,2
518252,1
101697,0
136250,2
571656,0
614530,0
506382,-1
990558,0
414640,2
757228,0
741160,2
80801,2
14077,1
44115,0
782491,1
141116,0
758470,0
111565,1
108937,1
333960,0
495632,-1
855633,-1
387274,1
944823,0
676644,-1
674904,0
706197,2
751823,2
534701,0
776680,2
856934,2
838992,2
73072,1
592976,-1
120301,1
477557,0
331101,-1
587789,2
106773,2
714124,0
772086,1
656418,2
372287,-1
481477,1
938734,1
922926,-1
339447,-1
325978,2
42066,1
382638,0
16052,-1
450371,-1
450653,2
299753,0
643564,-1
975417,2
890333,-1
759258,0
82004,2
187640,0
790339,-1
760264,0
34404,2
387284,2
111495,2
263613,0
811478,2
615025,2
709431,0
815398,0
429819,0
55201,2
918786,-1
505250,1
811168,0
616510,-1
810332,0
778191,2
644140,-1
614087,1
350693,2
224411,0
187760,1
673695,2
624957,-1
682615,0
674916,-1
404402,1
53072,0
48112,0
785837,0
184816,2
230210,1
915999,2
376465,1
194186,0
106745,0
992715,-1
274295,0
841614,2
855159,0
369248,0
400854,0
232119,0
770087,0
61801,-1
582837,0
696188,0
710747,-1
943396,1
943553,2
957958,2
170910,1
680524,0
565587,-1
749902,-1
748072,-1
937512,2
130999,2
342929,0
406526,0
281624,0
111021,2
898463,0
920547,-1
300268,0
6377,0
150851,-1
836682,0
975094,1
303263,1
469044,-1
826563,0
879918,2
803773,1
535044,0
129239,1
123544,0
955118,0
763466,-1
302824,0
970253,1
536636,0
225644,2
901410,2
976357,1
276425,1
698782,2
476182,1
560795,1
734099,1
874279,1
528799,-1
844516,-1
42001,0
729333,0
910929,0
436637,1
539943,0
158515,2
913083,-1
196246,0
312900,0
247152,0
621919,0
72893,0
989727,0
828411,-1
231642,2
294532,0
322655,2
238643,1
226893,2
22945,-1
667052,1
330901,1
893735,0
844155,2
598545,0
792602,-1
81394,1
79720,0
450891,0
689110,0
603282,2
151774,-1
427833,1
514030,2
450842,0
663940,2
289537,0
93580,2
999485,-1
16012,0
602434,2
128526,0
567878,-1
311040,-1
397558,-1
659249,-1
732039,0
257083,-1
653366,1
764741,0
240417,2
941193,2
249928,1
355194,2
466127,2
986184,-1
194736,0
193995,-1
630191,1
467505,0
385475,2
537515,-1
689188,-1
629787,0
125791,-1
873126,-1
634159,0
5824,2
626130,1
710596,2
739055,0
584269,-1
930286,1
803604,2
902313,0
365571,0
418391,0
260874,0
53754,-1
406691,2
958946,1
135258,2
349414,0
988959,0
954431,1
985836,-1
698510,0
509363,0
625498,2
896827,2
393734,1
326465,0
856169,0
404748,2
330862,1
455496,0
571982,-1
298506,2
98423,0
660483,-1
219919,1
967026,0
640859,0
574291,0
673739,1
490703,2
811513,0
357267,-1
366205,0
47116,0
41555,1
666135,-1
997640,1
381416,2
168327,2
492253,1
422735,0
667117,2
202823,-1
10908,-1
366599,0
394665,1
734589,0
210821,2
191243,0
435686,0
7931,2
331666,1
998608,-1
598170,0
981822,2
349039,0
131708,1
440962,1
719287,2
866736,0
793383,1
486705,-1
206701,-1
812095,2
813429,2
300273,-1
246003,2
357693,2
127689,2
554542,-1
713892,1
855661,0
413022,0
204680,1
865502,2
70808,2
542694,2
521642,2
90760,0
599952,0
116224,1
781730,2
222272,-1
520111,0
470642,-1
241795,1
585620,0
969978,0
800466,0
665096,2
59084,2
813349,0
312981,0
965523,0
921337,-1
791417,2
472174,0
514550,1
418510,0
344814,0
555242,1
603943,0
996818,0
518736,1
194144,0
548422,0
781735,-1
90786,2
3051,-1
402995,0
224269,1
891634,2
661409,0
776823,2
773037,0
716592,-1
709740,2
230435,1
105775,-1
277235,1
323839,0
485009,-1
991522,0
421384,2
407930,0
499185,-1
634042,0
281534,0
29564,2
777475,1
73475,-1
924278,0
945887,0
133825,0
750622,2
340947,0
477970,1
841038,0
331429,1
861934,2
117689,2
231985,-1
452498,-1
147151,-1
402278,-1
515529,1
816064,0
320416,2
674363,-1
45153,2
294203,-1
69149,0
892557,1
714218,0
374533,1
799765,1
406896,2
493645,0
77622,1
351139,1
598383,0
437099,-1
811260,1
289021,1
411748,2
834122,-1
531633,2
138830,0
855031,-1
621398,0
591179,1
665535,1
625048,0
395927,0
819363,-1
226513,0
230277,1
217668,-1
646356,-1
585846,1
320140,0
7769,1
128883,0
930716,2
52091,-1
865029,2
678269,0
646896,1
151820,-1
126071,0
390635,1
846830,0
903429,2
552575,0
51238,0
398685,2
442076,2
245264,0
1847,0
800950,2
236737,2
371083,0
288557,2
645411,-1
582358,0
105065,2
105707,2
487304,0
966654,1
367823,0
649275,1
29185,0
172119,1
685650,0
173254,1
287735,2
97811,0
838235,2
254835,-1
318905,-1
259043,-1
381017,0
649757,0
529954,2
663529,2
423720,2
22777,0
766694,1
166583,2
282634,-1
353764,-1
461317,0
31680,0
998009,1
491318,-1
970330,2
476860,2
415960,2
937064,-1
935085,1
863837,1
166987,1
65621,0
486600,1
389265,0
151202,0
906908,1
98725,2
741135,1
184479,1
364623,1
289083,0
101465,1
877671,-1
414975,0
819137,2
162715,0
889367,0
682050,0
468148,0
276721,0
809015,0
82904,0
629958,-1
282539,1
576641,0
721032,1
985863,2
351847,0
102182,0
432256,1
810959,1
339263,-1
426325,1
634147,0
43694,2
693219,1
840612,0
292313,0
459823,0
458700,2
886294,0
72399,1
838493,2
239467,0
966716,0
88590,2
270660,0
612857,0
481502,-1
953534,-1
399293,-1
325715,1
412226,0
817566,-1
610516,0
921902,2
279576,0
164195,0
233989,-1
650411,0
531313,0
4333,1
643985,0
556079,2
362728,0
619584,0
498930,2
711047,0
280183,0
710884,-1
669728,-1
873903,0
133051,0
580652,-1
122184,0
297918,2
443350,-1
942345,2
487311,0
624290,1
462841,0
682584,0
86801,0
614098,1
71036,0
603798,0
539219,2
571734,2
891254,0
16967,-1
366465,-1
468888,0
755956,0
854237,-1
929586,2
972465,0
47414,0
237511,2
473045,0
719760,-1
3380,-1
915945,1
746072,-1
793658,0
718346,1
991582,2
186975,2
544544,1
598757,1
352182,0
799769,2
285144,0
406272,2
92988,2
36673,2
558989,0
261633,1
239960,0
938879,2
638143,2
162574,1
78388,1
966667,0
865944,0
972181,1
946851,-1
214800,0
728032,0
600651,2
728584,0
706681,-1
589739,-1
450581,-1
47561,0
401905,-1
800981,2
589183,1
222534,-1
357670,0
923142,1
497636,2
443455,0
730705,0
830855,0
255556,2
961712,1
589379,-1
956735,-1
216207,1
650019,1
606200,2
753836,2
847322,2
273226,0
83629,2
226734,0
788872,2
870974,2
591870,0
568912,-1
789519,2
731488,2
244090,2
735125,-1
764484,-1
646717,-1
31157,2
152232,0
414280,2
587546,1
821756,2
373215,2
826764,-1
733307,2
596788,0
57392,2
761256,0
586312,0
93389,2
93917,0
73551,-1
165581,2
156791,0
823794,-1
63392,2
182207,2
829750,-1
101290,2
639078,2
960964,2
884242,-1
333194,2
180605,2
724302,2
464585,2
857134,1
289751,2
746574,2
5343,1
477522,0
446879,1
546541,1
732463,0
380608,1
336640,1
52477,1
194507,0
538733,-1
622382,1
758067,0
969245,1
6204,0
360927,2
733862,2
254831,0
312789,-1
683632,0
698155,2
581241,0
685887,1
495618,0
98564,0
422534,0
378882,0
175872,2
135908,1
840249,-1
37433,0
231996,-1
573211,0
703385,1
11101,2
819890,0
572492,2
120502,-1
146930,0
913546,1
808868,-1
383788,0
629338,0
429250,0
327253,2
233323,0
754966,-1
5107,2
285700,0
997597,-1
605325,1
181468,-1
921776,0
131890,2
727491,0
407368,2
720318,0
521215,2
699505,-1
260605,0
4496,2
162556,-1
283270,-1
631070,0
343853,2
195609,0
729294,0
342029,2
31305,1
974349,2
827385,0
110637,0
330981,0
716213,0
673772,0
533976,0
467243,0
671317,2
232183,2
489015,-1
356158,-1
988748,-1
240002,0
873392,0
345670,0
356761,0
530584,0
177001,0
525148,0
347083,2
784269,1
420686,0
918830,-1
550616,0
696228,0
861731,0
677852,0
591361,-1
962050,-1
76649,1
832328,1
239449,1
467995,-1
467450,1
127162,0
477381,0
58715,2
701473,0
893061,2
335217,0
909071,2
471885,2
164325,0
875446,2
366749,0
625267,0
805316,2
779520,1
967449,1
39093,2
306078,0
983065,-1
106475,0
380508,1
236562,0
589848,-1
741895,1
204042,1
238985,2
468940,0
467571,1
86934,0
650045,-1
334396,0
308397,2
435631,-1
206312,0
565453,-1
250852,0
511144,2
985030,-1
5045,1
962371,0
179695,0
571674,0
708517,2
949891,-1
451267,0
463572,-1
527910,2
446310,1
105414,-1
18138,2
653784,0
331838,0
650762,1
826394,-1
164947,0
871573,0
737732,-1
78892,-1
950200,0
484870,-1
382863,0
155451,0
361880,2
625561,0
675442,2
113514,1
19397,2
718093,2
428411,-1
908602,2
595852,1
866548,0
516734,2
203690,2
457889,1
42699,0
564817,-1
519244,2
634222,-1
851947,1
925224,0
776585,1
603969,0
848121,-1
745737,-1
706675,1
891427,-1
311901,0
190297,2
782363,2
44291,-1
370428,-1
899174,2
144125,-1
422237,2
554582,2
242199,2
232219,-1
224076,2
945898,1
564911,2
343688,2
371908,2
627574,1
180485,-1
249763,1
651375,-1
660951,-1
657758,2
237867,1
782819,2
791928,2
294609,0
850390,-1
396547,0
142830,-1
250983,2
443938,0
831490,0
418267,1
860398,2
763872,0
574726,1
142336,-1
213055,0
455829,0
656699,0
171902,0
350128,-1
714025,-1
17420,0
44772,2
643168,0
704610,2
820523,-1
37607,1
680087,0
509948,2
938423,0
476346,2
617648,0
659939,0
510346,0
106516,-1
187412,0
530662,0
969059,2
233113,2
881485,0
396578,0
722776,-1
69263,0
783056,1
29053,-1
45878,0
845042,2
78628,0
899274,-1
485857,2
914284,2
590949,-1
286808,-1
449133,2
145375,0
769261,2
769524,2
968896,-1
313839,2
775822,0
293312,1
495182,2
896063,1
2325,-1
795486,0
135329,2
885345,2
703319,0
595781,0
243128,1
589175,0
473007,-1
145261,2
942956,1
524966,1
713766,1
440834,-1
94839,2
730063,1
120270,2
73612,2
432813,1
317254,1
149855,1
588233,0
860852,1
762132,0
694699,-1
357323,-1
617071,-1
909332,0
460019,0
175290,0
845224,-1
77234,1
337929,-1
846396,1
515567,0
365305,0
410068,2
123198,1
287376,0
799250,0
744900,-1
505135,2
380314,0
272452,0
164506,2
825234,1
959388,0
502275,2
663775,0
515364,0
29777,0
857998,0
930993,1
225367,2
299046,2
54060,-1
153537,0
77959,0
238755,1
913486,1
14443,2
604691,2
56693,1
397430,2
292158,-1
263045,0
686702,-1
111969,0
575864,0
592714,1
788130,2
283215,2
463455,2
84395,0
111750,-1
930512,-1
582792,0
172215,1
856082,0
788739,0
509947,0
407486,1
93916,1
49777,0
794018,-1
448173,0
461282,0
44346,0
505510,0
782839,0
104045,0
568580,0
758553,1
53400,1
441214,1
953386,0
143711,2
120075,2
215972,0
439116,2
186431,0
593449,2
607278,-1
582945,-1
922510,0
767792,1
795952,2
944860,2
444063,0
865922,1
752668,2
977914,1
252208,2
772954,0
254837,-1
237616,2
371131,0
343754,0
449316,0
185570,-1
47008,0
19133,1
375376,0
578099,-1
763558,2
162367,2
690491,0
698617,-1
620254,2
217118,0
232363,-1
816170,2
449825,2
672636,0
179091,0
231038,2
291804,1
710495,0
553086,2
323962,0
581600,1
704427,-1
438734,-1
209379,1
415615,0
284806,1
310499,1
346116,1
771257,0
129670,-1
532461,0
847765,0
541807,0
151102,-1
301061,0
920481,2
223008,2
804457,2
577544,0
724299,1
615253,0
414925,-1
905949,-1
633508,1
270235,0
560973,0
337725,1
307063,0
248899,-1
693471,2
32083,2
581827,0
447640,0
862171,-1
263238,0
177423,0
556777,0
814230,1
34166,0
355856,0
961882,0
762704,0
602494,-1
34702,0
715552,0
355679,2
854686,0
171389,1
820375,0
752605,-1
923279,0
150302,0
444048,0
772347,2
707363,1
43036,0
31741,0
902354,0
732442,-1
691266,2
115042,0
522188,-1
815935,-1
621337,-1
933944,0
545889,0
639168,0
655821,0
217577,1
988338,-1
310934,0
384173,2
850427,0
614699,2
146362,-1
58112,2
466658,2
798525,2
569963,-1
434900,0
51794,1
373733,0
78426,1
591624,-1
376278,2
881145,-1
423932,2
154517,0
809256,0
592760,0
326267,1
557614,1
657699,2
792471,2
687325,1
184414,1
160393,2
846792,0
615738,2
988164,-1
487047,1
469101,1
804088,0
981726,2
661325,2
395935,0
404054,-1
336290,2
458596,2
721106,0
837210,2
370613,1
123115,-1
306643,2
666144,1
108718,0
319332,1
579193,2
358166,0
141738,-1
260609,2
581967,2
132595,0
488092,0
392202,1
315476,2
205530,1
659291,-1
436218,1
90685,1
142415,0
24934,-1
409382,0
920431,1
796763,0
845251,1
388243,0
604797,0
152641,-1
248936,2
938144,0
424611,0
329124,-1
665784,2
640825,2
163428,2
556966,0
462236,2
940585,2
836959,0
203375,2
254557,1
980954,-1
24797,-1
281199,1
574766,-1
887404,1
291525,0
649648,2
753473,2
305074,-1
328063,2
567452,2
195871,0
540520,0
875626,-1
672918,-1
17142,1
644643,0
558196,0
718420,-1
941514,-1
142228,2
114046,1
201727,0
432369,2
387738,0
199691,0
180304,0
673181,-1
146042,-1
558321,2
486158,0
656852,0
746973,0
443873,2
946854,2
206666,2
329798,-1
494754,-1
964787,-1
992585,-1
626550,0
338140,2
86710,1
880166,0
461185,2
840127,1
909823,2
347835,1
41851,0
429019,1
822696,1
398282,0
939362,-1
44160,0
193712,0
628281,0
489292,2
616565,-1
347410,0
17963,-1
76228,0
601837,2
569634,1
57381,2
120440,1
34596,-1
28256,-1
499154,-1
352917,0
642374,0
597069,0
830957,2
317312,2
827075,1
588394,2
706639,0
182537,0
16854,2
443398,2
434602,0
554528,0
30214,1
171137,1
875060,-1
961114,2
246680,-1
244205,1
552594,1
726305,2
354750,2
71830,0
345645,0
212044,1
200267,0
942846,1
174493,-1
333002,0
146187,0
793908,0
496143,0
966647,-1
323,2
803875,2
402047,0
534219,2
703000,2
671584,-1
559320,-1
188050,0
887516,0
645866,0
466328,1
415728,0
503003,1
298164,2
633000,2
512067,0
235641,-1
343381,1
733240,1
136832,2
389026,2
852347,0
25002,0
294027,-1
648266,-1
810469,0
224435,-1
952397,-1
12004,0
185013,1
486832,1
86045,2
133514,0
799864,2
781356,0
866735,0
788791,-1
907298,1
930620,0
580848,0
438124,0
400009,-1
956741,0
748695,0
831576,-1
683218,1
531715,1
555874,2
672398,0
293081,1
506419,2
776853,0
857439,0
860763,2
169809,-1
410150,0
776743,1
830459,0
612043,0
247011,-1
404518,2
997644,0
111741,2
921727,-1
921922,2
349946,0
632649,1
10315,0
448017,1
561814,-1
88851,2
317861,0
419424,2
185650,2
931895,-1
893553,0
159886,2
48509,0
697646,2
260134,1
958366,0
497671,1
890683,0
219061,2
50736,0
742031,1
431195,2
159717,0
641424,2
423512,0
229137,0
798844,0
693406,0
371036,0
211835,-1
757133,0
937342,2
977747,-1
333823,0
669775,0
260295,2
677043,-1
477036,2
194820,-1
833593,0
737103,0
838487,0
14362,1
433532,1
375715,-1
274541,0
115978,0
905000,0
343053,0
168437,0
794305,2
149132,-1
255482,0
786652,0
18795,1
261144,-1
2575,2
477704,2
645226,2
613988,2
141972,1
863542,1
922667,2
419431,-1
960388,0
853322,1
622813,0
785330,2
810188,0
53815,-1
818404,0
747464,0
754308,0
128943,0
996229,0
964585,0
959469,1
354761,0
102989,0
67926,0
122021,-1
549342,2
446441,0
196355,-1
589487,0
70611,1
683684,0
978725,1
13287,0
809747,-1
838185,2
647188,1
616174,1
754798,-1
620739,0
644772,-1
96841,-1
818549,-1
24845,1
397713,0
924727,0
164077,2
442722,2
583077,-1
840571,0
415337,-1
148578,-1
239214,2
521908,0
947679,-1
227844,1
701507,1
617736,0
509196,1
585430,2
839425,-1
414230,-1
916592,0
705572,-1
282147,2
201741,0
464689,-1
506099,0
315331,1
258435,-1
910541,0
394712,0
424092,0
204080,0
744870,0
644004,2
107636,0
661174,0
19909,-1
927163,0
358829,1
186937,0
98072,0
43449,0
996972,0
365705,0
27742,0
165638,1
419439,0
254018,-1
980316,0
849752,0
601238,0
763081,0
767129,-1
292040,0
800470,0
408830,1
902403,1
495974,-1
97966,1
612358,2
601862,1
484009,-1
24147,1
545781,2
404273,0
459068,0
706804,2
570687,2
611072,2
985616,-1
164701,-1
599031,0
291016,1
871590,-1
375923,-1
625713,2
544267,-1
597520,0
201908,-1
779450,2
41388,0
324210,1
527518,2
995095,-1
68508,-1
645526,0
803925,2
310865,0
243590,-1
739831,2
838039,2
93918,0
115526,0
164262,2
727311,0
735220,1
468210,2
689122,0
53596,2
799186,1
101084,0
30439,0
810252,-1
821303,-1
292964,0
302407,0
271892,2
732321,-1
447410,-1
803265,1
196513,0
365268,-1
202213,2
325954,1
969878,2
626863,-1
549662,-1
583897,1
81079,-1
74615,-1
390771,0
921683,1
260545,0
746062,0
523766,0
369387,1
387902,0
407975,1
843647,2
668518,1
259924,0
823007,-1
133194,0
999383,2
844853,2
811166,2
700248,1
312802,0
703577,2
842529,0
133240,0
637996,0
242561,-1
970006,0
651603,-1
339673,0
675644,2
793976,2
162961,2
469570,1
681176,1
887401,0
891406,2
751950,-1
965377,0
773946,0
84122,0
845066,1
389748,-1
837821,1
967629,1
864765,0
266087,2
41710,1
112134,0
513080,0
452254,0
564272,2
876098,2
273845,2
343129,0
622330,0
296515,0
199651,2
265010,-1
124863,2
619557,1
500287,2
366450,-1
626887,1
426254,0
535685,1
617761,0
616786,2
863271,1
516407,-1
148449,0
849472,0
665945,-1
479060,0
736724,-1
288008,0
638394,1
779022,0
951766,1
535506,-1
202738,2
863224,2
870370,1
721194,-1
981141,-1
252336,1
77169,2
68528,0
38903,-1
256464,2
11425,2
898966,-1
860813,0
873715,0
81184,0
106630,-1
203802,2
904553,1
793878,2
727291,2
659013,0
170414,1
545030,-1
935399,-1
720843,1
24407,0
368110,0
503818,-1
556178,0
905326,2
337724,1
69700,1
114542,0
160079,2
903579,-1
646349,1
161942,0
598614,0
663644,0
329622,0
263883,-1
296398,0
566777,-1
158516,-1
764934,-1
404621,1
803119,1
610999,-1
737690,0
312628,0
712615,2
188749,2
814343,1
988637,0
880191,2
280042,1
630479,0
46849,0
667139,1
445425,0
136052,1
811010,0
170283,1
900662,2
493441,0
94212,2
753640,2
312169,-1
202533,0
102614,2
619990,0
86350,2
63121,-1
121852,0
600352,0
124929,2
75897,2
574497,-1
24804,2
596222,2
906004,0
539619,0
110125,0
448051,1
790726,1
822650,0
381243,2
730979,2
936649,2
587095,-1
612202,0
429050,-1
700694,1
851416,2
547091,1
51713,0
125090,1
81094,-1
46987,-1
10385,2
660879,1
815867,0
182651,0
13152,2
612985,2
668026,0
286216,-1
872878,1
346203,2
717045,2
118481,2
67795,-1
965112,2
942456,0
49607,2
336321,-1
220175,2
218973,1
458027,2
932536,0
239165,-1
473283,0
10468,0
965411,2
733655,2
383468,0
796762,-1
184596,2
327092,0
158124,2
998269,0
332356,2
495084,-1
610404,2
478417,-1
599073,0
476278,-1
433925,1
184487,0
899620,-1
237593,0
637818,0
487541,-1
323186,2
767342,2
897943,2
893076,2
227111,2
484479,0
142536,1
511856,0
486621,-1
793118,1
350625,-1
875997,1
520873,0
980231,-1
486454,0
790783,0
119066,2
795590,1
703949,0
226753,0
497219,1
133965,2
108181,-1
574156,0
510374,0
547861,0
154116,2
445954,1
997533,0
624946,0
463357,-1
912071,-1
789575,1
733504,1
921494,-1
182771,0
577188,-1
77565,0
13576,2
850213,0
233403,1
158376,2
42715,2
125277,0
794752,0
738883,0
646317,0
908688,2
767328,1
771691,0
259880,-1
825122,1
884467,0
787682,0
609778,-1
737682,0
908388,0
424425,-1
323128,1
628679,-1
678862,1
838507,2
205713,-1
681150,-1
7572,-1
941573,1
274509,-1
684872,0
370024,0
291351,1
155280,1
493518,0
955736,-1
475150,-1
814784,1
934550,-1
236229,-1
868776,0
724046,-1
948949,2
383876,1
131974,0
986064,-1
428108,1
926841,0
494582,0
781163,0
92910,2
486,2
491939,-1
53227,2
800250,0
253165,-1
31100,2
457211,-1
164443,0
646128,-1
26297,2
641969,1
593800,2
256579,-1
805014,1
418189,2
640885,2
497723,2
627483,2
654700,0
237079,1
432087,-1
572031,1
962862,0
73015,0
308754,2
686614,0
620529,2
342626,2
875135,2
135651,0
566883,-1
708737,1
771565,2
146085,0
713094,2
540959,1
824998,0
387636,0
6977,1
581176,1
272574,1
312899,2
405772,-1
423226,-1
15617,-1
73801,0
581076,0
763519,-1
916909,2
646077,1
551261,1
182472,-1
180047,0
986479,2
238659,2
76266,0
98479,1
177204,0
298152,1
328729,0
297260,2
567264,0
329437,0
985621,0
789426,2
246326,2
933736,0
378617,1
254499,1
174922,1
312720,1
568863,1
903966,1
730989,2
191303,1
261053,-1
179969,2
411209,0
293338,-1
224041,2
627912,2
763334,0
769155,1
93337,-1
802385,0
42183,0
407596,-1
368054,2
618952,0
648741,2
877147,2
996306,-1
154289,-1
333682,-1
746454,1
504683,-1
455348,0
744762,0
153848,1
429721,1
460217,1
622753,2
925836,-1
140313,0
498154,-1
848278,2
694120,-1
614569,1
511015,2
56117,0
97915,2
684968,-1
290122,-1
896238,0
105501,0
155182,0
243396,0
425069,-1
3804,2
92161,0
360732,0
850932,0
20149,-1
695895,0
972635,-1
986282,2
568549,1
434652,0
507521,1
263473,0
267646,0
149939,-1
274077,1
776304,0
370879,1
404861,-1
204227,2
819486,0
142966,2
818701,0
274044,0
665722,-1
421305,2
704236,1
349774,1
635513,-1
652424,-1
146233,0
676332,2
696485,1
474898,2
939207,0
135234,0
4494,0
678001,2
505970,-1
656254,1
552023,2
561933,-1
885448,-1
284977,-1
455946,-1
891808,2
349787,0
598581,0
327527,1
631112,0
780626,0
617439,0
778454,-1
411141,0
694508,2
451340,2
200823,-1
252827,0
997245,0
593241,-1
150780,-1
701541,0
342006,0
182752,1
597528,1
979212,0
730965,1
705732,1
852885,0
567968,0
58159,0
485485,-1
270505,0
221568,-1
261639,2
493242,0
988625,-1
127890,0
582873,2
596848,0
653100,0
681574,-1
228139,1
121922,-1
941781,0
169175,-1
253167,2
715413,0
15656,0
825086,2
207315,1
823519,0
369940,0
359076,0
802295,0
44252,1
230042,1
663144,-1
235342,1
948529,2
649033,0
622688,1
500735,1
295382,0
982200,0
349178,0
395381,1
544107,0
538241,2
591984,0
45181,-1
708342,1
950412,0
118586,2
833509,0
694880,2
501069,-1
537327,1
736909,0
777838,0
14607,-1
198247,0
532727,-1
971954,0
506983,-1
740265,0
628974,1
273978,0
890446,0
555626,0
266376,0
555259,0
605751,1
642647,1
8695,2
288654,2
420856,1
822637,1
495623,-1
444782,2
598329,0
581704,-1
274996,2
185975,0
6500,2
4922,2
314724,1
864689,-1
890303,1
298217,2
58759,0
665061,0
711365,2
53886,1
639109,1
955199,0
56403,0
986454,-1
725929,2
308560,-1
63259,2
893580,-1
910594,0
635622,0
332270,1
230361,-1
970928,0
987005,2
599243,2
415291,1
353090,0
571695,2
442038,0
766968,0
572932,-1
770249,2
380515,2
308454,1
870967,1
35630,0
809561,0
51932,2
937854,-1
845936,2
48136,0
337375,2
129260,-1
651061,0
949433,2
38474,1
780400,1
900148,1
717361,0
315768,2
1094,0
371575,0
334703,-1
347301,2
333023,2
760539,1
986393,0
113410,2
533841,2
646375,0
208765,0
874552,0
581056,2
564133,2
238576,0
771517,-1
569298,0
362439,0
313524,1
453646,0
267618,0
552103,0
922833,0
161548,1
547728,-1
882173,1
196745,2
329376,0
561279,1
152362,1
577289,0
569331,1
797033,1
697697,0
705751,1
780961,0
607260,-1
56078,-1
233570,1
900516,-1
526766,2
950781,2
445119,1
299523,1
700364,1
638191,2
746929,2
585971,-1
568079,0
102283,-1
154483,0
870534,-1
367520,2
483579,1
846473,0
863386,0
448491,2
879144,-1
661533,2
778544,0
26334,1
568606,1
694622,0
176767,0
787826,0
765977,1
79002,0
628012,1
468570,-1
989146,0
458415,-1
677605,0
896052,1
689114,2
743964,2
562549,2
609521,2
769546,0
936010,1
28321,2
907350,0
15176,2
619727,2
755696,-1
659339,2
868242,1
878577,0
27645,0
94375,1
96253,2
106662,0
927688,-1
174681,2
5808,1
562069,0
697588,0
323681,2
767676,2
23872,2
901914,0
940000,1
152867,0
174045,1
952247,0
420045,1
219993,1
384450,2
284022,-1
281768,0
969999,0
692396,0
566712,1
397080,0
400965,2
553873,1
314655,0
210043,0
66392,0
888438,2
42015,1
155936,1
456964,2
100619,0
165244,2
918091,1
225368,-1
809620,0
543287,1
858075,2
342041,1
501333,1
688842,0
259862,0
844239,0
939482,2
851282,0
782419,0
156502,-1
411451,0
778098,-1
748621,-1
991104,-1
429100,1
242868,2
383918,0
665976,1
464303,2
136987,0
210063,1
931052,0
726315,-1
430258,0
366927,0
303238,0
485960,0
300485,2
486143,0
487258,0
86791,2
483979,0
557002,2
651130,0
240130,2
854919,2
126330,0
959514,0
669369,2
906463,1
251017,1
17936,0
275097,-1
973737,1
398175,0
549419,-1
830932,0
62153,1
836743,-1
688979,0
467710,2
786829,-1
475922,2
756330,0
129546,0
283112,0
177141,1
27227,2
991302,0
769041,0
982553,2
882621,2
953530,0
834944,1
561470,2
384297,0
521834,0
878776,0
800561,2
332192,0
626665,2
720978,2
471603,-1
840316,0
270413,2
666499,2
934904,0
750005,0
370595,-1
93511,-1
389325,0
285464,0
537960,2
523402,-1
453346,2
286755,0
735544,0
737829,0
866869,-1
887135,0
539693,0
912791,1
32937,-1
607228,2
678005,0
547998,0
111384,2
135862,-1
585961,2
851295,2
876430,1
161949,2
265741,2
469560,-1
625147,0
843557,2
246532,-1
397532,0
363915,2
535584,0
195696,1
432742,0
45471,2
147931,0
351920,-1
728240,-1
15379,1
138964,1
406562,2
673979,0
6599,0
3316,0
963207,2
292792,2
715826,1
901330,0
658591,2
700745,2
684686,0
585044,1
72912,0
292080,0
775106,2
429183,2
79809,0
710041,1
359322,2
558178,0
883974,1
796425,-1
792125,1
603149,-1
412743,2
899120,-1
77176,0
48054,-1
744133,-1
792380,0
450463,2
923478,-1
825217,0
92054,0
455204,2
166549,-1
864815,0
736961,0
495799,0
988766,2
440864,2
7273,0
114016,0
713565,0
713129,2
681654,0
633587,0
489731,-1
71236,-1
954902,1
608676,0
841621,1
938387,0
96791,0
336255,-1
654234,0
568095,-1
297199,0
63520,0
146672,0
156613,0
209688,2
233240,0
635250,0
818370,2
250804,0
472432,0
526619,2
932140,1
678223,0
499800,1
94093,0
975989,1
546488,-1
823328,2
83230,1
613657,-1
465639,2
37735,1
508126,0
338723,2
216769,2
924616,1
128444,-1
781378,-1
161766,2
629937,-1
448114,-1
337455,0
928110,1
348665,-1
925085,2
350345,1
255901,-1
798119,2
649555,1
678457,-1
127945,0
306053,-1
429997,0
84686,2
178031,-1
433817,1
727081,0
92555,1
736073,0
684291,1
208436,2
631966,2
632170,-1
552169,2
700411,0
398682,2
864408,0
791122,2
311939,0
212992,0
439770,2
888670,1
246648,0
52909,1
185340,0
954861,1
312141,2
779676,1
501230,0
655913,0
869690,1
692291,2
7733,0
323305,0
522534,2
255257,2
342294,2
336712,-1
847143,1
958883,2
32011,2
645444,1
591370,-1
921487,0
213184,1
191035,0
486019,2
967576,1
485397,-1
274091,-1
971373,0
80530,1
441388,0
219687,0
589095,-1
717337,0
309919,0
624761,-1
538959,1
933506,-1
255735,1
960885,0
547227,-1
955114,0
490235,-1
30625,0
344466,0
352351,2
91361,0
644448,0
321910,1
294122,0
502744,0
450547,0
952430,2
917415,0
546639,-1
498408,2
19737,-1
89008,2
401448,0
117558,1
713838,1
52888,1
692934,2
211232,0
738012,1
430717,-1
429013,2
622733,-1
175296,1
208540,-1
341637,2
980407,1
747972,-1
10675,2
413483,0
492601,0
440868,2
179308,0
850302,0
994884,1
280069,2
225213,2
383465,-1
495245,1
457142,0
918082,2
850665,2
119798,-1
197624,-1
419286,0
66539,-1
937594,0
458056,0
391586,-1
537905,1
940773,2
63636,0
350290,2
399262,0
879570,0
242644,1
360419,-1
702569,0
195816,-1
757711,0
927763,0
709644,-1
713965,-1
645834,0
917740,2
102859,1
302987,0
533731,0
989796,0
998974,-1
238041,-1
849413,0
277751,-1
42975,0
243718,0
993297,0
162328,0
341635,-1
650311,1
244956,2
203918,0
474921,2
111066,1
706768,0
701078,0
469942,0
396077,1
930734,2
769160,-1
324,2
685392,1
195255,0
132265,0
232617,0
671491,-1
24200,1
670870,-1
187081,1
740680,0
183014,0
1002,0
437581,0
13562,0
525771,2
484704,1
435190,-1
563240,0
980945,1
71688,0
43993,2
674237,0
609692,0
994995,1
17950,2
660705,0
488065,2
718541,1
789782,2
774504,0
942387,0
913856,0
68822,0
498872,2
282396,1
607114,1
293524,0
67727,0
926215,0
237135,1
13937,1
105223,2
989572,-1
548324,2
565886,0
319852,2
958100,0
343719,0
731863,0
603466,0
119608,0
692785,2
764412,0
853757,0
822612,0
400706,1
506377,-1
676465,2
528708,1
426419,1
540054,0
912100,-1
274630,0
554174,0
905680,0
418450,0
418141,-1
307012,-1
890324,2
682705,0
379783,1
843593,-1
22034,0
616085,0
672236,-1
440264,2
162520,0
571452,0
178299,0
187726,0
162956,1
650239,2
285695,-1
62508,1
601101,2
888833,0
452911,2
532091,-1
647934,1
205997,0
376530,-1
491158,2
670340,0
63710,2
373166,-1
123762,0
949504,1
282697,2
796241,0
968995,0
114369,0
505454,-1
804838,0
254338,0
357839,1
356216,2
27874,2
985071,2
718353,2
10863,2
519963,2
398011,0
858431,-1
781976,-1
647740,0
509315,0
180805,0
153440,-1
721700,0
665905,-1
425155,1
592618,1
604000,0
706419,2
626332,0
675525,1
35335,2
879999,2
695422,2
282559,0
347486,-1
237897,0
83693,2
434463,0
936349,0
467990,2
339981,2
998342,-1
769234,0
812406,-1
325242,2
274653,2
141806,0
239144,0
537273,2
147807,2
207974,1
357314,-1
789590,0
752831,0
719483,0
717031,0
744804,1
912022,1
541124,2
999263,0
986822,0
397991,2
819649,0
917021,0
742017,2
68689,-1
233448,0
391815,-1
625916,0
602874,2
384242,2
248317,-1
597775,0
505736,1
830762,-1
268977,-1
169209,0
674056,-1
303834,0
893012,0
950264,1
155098,-1
643801,0
37382,-1
239109,2
811745,2
307324,1
651589,-1
728961,-1
995965,2
32617,2
345264,1
670510,-1
187322,0
643839,1
656403,-1
407063,2
456801,0
279241,1
173656,2
140144,0
695410,0
342379,2
904821,-1
102149,0
315058,2
443380,1
328359,-1
822742,0
363827,-1
369444,0
15004,2
425757,1
795670,0
994106,-1
521233,-1
629606,1
428345,-1
376182,0
557421,2
351678,0
566520,2
951080,0
431383,-1
164681,2
711690,-1
487536,-1
12892,2
93856,2
616594,-1
55340,2
977890,-1
767055,0
449932,2
916728,2
116029,0
385866,-1
560183,0
264529,0
410097,1
759381,-1
846166,-1
975978,2
73908,-1
564366,0
218212,1
774290,0
468930,-1
692526,1
425303,1
907670,1
345212,2
686682,2
130895,1
78847,0
813529,1
512340,-1
643621,2
492385,2
105981,0
106267,2
395551,0
133092,0
62304,0
773877,-1
261474,0
2066,2
880642,0
168822,0
291414,0
518500,0
474278,1
250041,0
369792,2
549105,1
735919,1
415660,2
390548,0
586365,1
801663,1
21444,1
429715,-1
485778,-1
353052,2
39102,2
874377,1
582519,0
714029,0
562887,1
161206,1
242518,1
333341,-1
526794,2
862925,1
964831,2
141282,0
642970,1
437390,2
251594,0
3947,2
782071,-1
876155,0
518691,0
571034,1
57352,1
444558,1
44613,0
583126,0
516278,1
599097,1
144626,0
362282,1
465505,1
781993,0
840724,0
385584,2
332709,2
913766,-1
49767,2
416908,2
607640,2
642312,1
66809,1
55451,-1
776252,1
146193,1
839366,-1
579210,1
597687,0
619476,0
414013,0
380700,2
896367,0
334698,2
314624,0
991473,-1
549413,-1
242209,0
969368,2
348883,2
418492,1
470540,0
458378,2
109266,0
796016,1
146189,2
908598,-1
305829,-1
150626,2
314295,2
785092,1
349953,0
315604,-1
719053,2
625475,1
904281,1
864899,0
98191,0
393935,0
976682,-1
115902,0
714477,1
904871,0
40002,2
196167,0
876677,-1
639041,1
658238,2
118538,0
585684,2
212373,2
439871,0
372248,0
808291,1
740677,2
286600,2
39137,-1
242134,2
789533,2
974607,0
121892,1
925466,0
659381,0
71947,1
619589,2
538261,0
401624,2
592687,0
770681,0
655254,2
803295,-1
770982,0
841939,0
773430,0
910369,-1
529946,0
453960,-1
199412,0
928138,0
89026,-1
936076,0
48194,0
543968,2
428811,0
199176,0
308647,-1
472164,0
14347,-1
792863,-1
730475,0
302030,2
729730,1
355810,2
520559,-1
116986,0
242175,2
214431,1
627510,0
372797,2
821047,0
859883,0
184039,0
575649,2
406507,2
208568,0
371985,-1
440835,0
647629,1
897754,0
802877,-1
254620,-1
306648,1
80762,2
65253,0
221872,1
655251,1
400521,0
899111,-1
213627,0
32882,0
127013,0
296021,0
246508,0
881303,-1
877621,2
913736,0
28168,2
616816,0
337927,2
60850,2
382625,0
306424,0
125916,0
887268,1
646241,-1
833300,2
640993,1
185928,-1
723717,-1
161924,2
653426,-1
326871,-1
23219,0
694941,-1
511624,-1
713841,0
757148,0
233609,0
481699,-1
788178,0
258840,-1
180910,0
143846,0
397187,1
735956,1
697066,-1
398754,0
159756,-1
583833,0
347170,0
840626,1
976083,-1
936082,1
707118,0
230817,0
647480,0
886880,0
669722,1
89211,0
965203,1
205053,0
792494,2
810157,1
244378,2
953700,0
823363,-1
643295,-1
844388,1
111866,1
891158,2
658186,0
376161,1
733882,-1
524949,2
754796,0
747068,-1
260344,-1
341280,0
833793,1
456224,1
942777,2
813648,0
703664,0
454700,2
774633,-1
713981,2
439771,0
877051,2
557810,-1
999361,1
541390,2
843489,0
864943,-1
624938,1
672160,2
651084,1
657393,0
730399,0
507652,0
836399,0
231,2
141372,-1
67600,0
486188,0
788413,2
163707,0
175537,1
899924,-1
387467,0
300294,2
263648,0
546601,2
208409,1
988785,0
460408,1
596290,0
152927,1
330596,-1
813049,0
29924,2
966487,-1
211780,1
934971,0
396644,0
389863,0
151900,-1
529295,2
197911,-1
795755,2
826090,1
10291,1
827586,0
342303,-1
467556,1
237893,1
182715,0
523321,0
363106,1
23004,-1
928252,2
391847,0
675665,0
348827,-1
729449,-1
232059,0
171354,-1
161420,1
920419,1
125728,2
529144,2
38443,-1
923595,2
281501,2
755722,0
34877,0
948297,0
655292,0
624662,-1
617813,0
872665,-1
251854,0
836359,2
798768,-1
922488,0
446131,2
711942,0
132672,2
117315,0
786925,1
88937,2
841709,0
764509,-1
263838,-1
903611,2
135121,2
144821,2
632162,0
360173,0
448103,2
678866,2
415234,-1
724647,2
665309,2
957065,0
224939,0
133760,1
402953,1
647958,0
973496,0
211487,-1
970549,1
322361,0
758055,-1
34105,-1
684967,-1
167784,1
645719,-1
183603,-1
644988,0
417921,0
634015,1
855655,0
364166,2
818184,-1
637913,-1
584433,1
54701,0
417381,1
883513,2
518360,2
599938,2
638621,-1
961715,1
697302,1
167532,2
65065,2
872916,0
199128,2
977732,1
387630,-1
42462,2
349811,1
534173,2
785799,1
403726,2
504476,0
32252,0
440593,0
892685,0
536460,0
806307,1
670875,1
681122,0
781879,2
247068,0
112810,1
603763,0
340383,2
401550,2
397696,0
292460,2
46055,1
922725,0
420119,0
345844,0
495305,1
575462,-1
353591,0
697999,2
645309,2
775388,0
616411,1
137885,0
451960,2
789115,0
477120,2
471531,2
643397,2
981119,2
905720,-1
527327,2
214262,2
764356,-1
285265,2
109031,2
889920,2
918544,0
345862,0
626861,2
407425,1
112891,2
892965,0
500622,0
359206,-1
132398,-1
141932,-1
27158,2
312699,-1
641045,2
548793,2
614023,0
195809,0
462314,-1
505590,0
475827,2
347787,2
246778,1
974119,1
585186,2
76203,-1
637597,-1
999983,0
465780,0
735013,2
290151,2
347870,1
446311,2
408612,0
196509,0
129739,2
624840,2
806364,0
616197,0
376651,0
568226,0
51453,2
646773,-1
462459,1
932633,1
420183,0
992903,2
968742,-1
345859,2
890862,-1
674121,1
268219,1
7655,1
497236,2
186163,1
706987,-1
128531,2
315675,-1
746780,0
968654,2
252133,1
53344,1
933095,1
161392,2
694317,0
682757,0
583969,-1
230320,2
927233,-1
702609,0
449579,2
52493,0
275488,1
308521,0
960368,-1
275530,1
833217,-1
800449,2
244138,2
642606,-1
370237,-1
36966,1
12748,2
465047,-1
688977,1
843598,2
790157,0
242160,0
628826,2
446288,0
322424,1
803087,0
634079,-1
825627,0
961667,0
33808,-1
198272,-1
990123,2
469488,2
463957,0
880361,0
584773,0
374553,2
183275,-1
113375,-1
190844,-1
795230,0
444102,2
259635,0
497056,2
205201,1
830570,0
177632,1
874661,1
204768,0
426709,1
666101,0
728666,0
622683,2
539304,1
490246,1
862832,0
91092,0
629284,0
581779,1
767922,0
207825,1
488877,1
290673,1
587933,2
12343,-1
991667,0
366178,1
990370,2
345018,1
900182,1
23133,1
813652,1
155474,0
265814,-1
976781,2
853893,0
125784,-1
722067,0
203641,0
455687,0
21780,-1
739736,2
663336,0
669160,0
99220,1
736519,2
162533,2
272392,0
809568,1
408446,-1
293618,1
614427,0
448949,2
434123,-1
694186,1
480120,0
343589,0
595575,1
880717,-1
302744,0
631761,0
706535,0
121619,2
177940,0
94004,2
300637,-1
324458,0
336980,0
3151,-1
390611,-1
336024,0
811013,0
920143,2
824716,1
453544,2
368830,-1
556824,-1
744397,0
647697,-1
539985,1
399389,0
715168,0
784741,1
117318,2
568817,0
377392,0
111643,0
8723,0
262101,0
551225,1
377121,-1
388278,0
387855,0
396758,2
821375,0
307577,0
11874,2
152947,-1
373196,0
681799,-1
195033,2
470515,2
542193,-1
786188,1
952036,-1
782706,1
232723,-1
443670,1
685079,0
276015,-1
373750,0
956265,0
847491,0
511736,0
301549,0
491260,0
502197,-1
972927,2
740869,1
519113,-1
573875,0
858962,-1
528969,1
570551,1
883034,-1
169392,1
269695,0
47454,0
391822,0
628083,0
644328,2
436950,1
26551,0
647139,2
179680,0
363692,0
483048,2
540983,0
788092,2
205106,1
785011,-1
33426,2
338299,0
240223,2
514220,0
767021,0
458376,2
871950,0
648034,1
302254,0
638987,1
543051,2
518964,0
205963,-1
895438,1
838812,0
396598,2
9385,0
53503,0
857881,-1
899149,0
983942,0
717325,-1
193613,-1
287333,1
242144,1
966042,0
167148,-1
3451,-1
223188,1
571929,0
484537,2
261371,0
333480,1
717182,0
18369,0
239212,0
713047,0
896499,2
19234,0
576063,2
865976,0
865858,-1
214133,0
7500,1
461792,2
909060,0
896636,2
923236,0
363209,0
943350,2
23718,2
732753,0
436406,2
226552,0
995707,2
860633,2
283389,0
828750,2
750985,0
10691,1
968989,1
283169,0
479441,-1
49000,0
895112,2
89198,1
731498,0
873492,1
748686,0
493732,0
666504,1
291794,2
591070,-1
399545,0
898448,0
655033,2
653524,0
933765,2
98740,0
701254,-1
460181,0
750030,-1
745890,0
633094,1
885609,2
642211,1
893929,1
233330,2
187583,1
1778,2
468742,0
757706,2
197401,1
145207,0
969010,0
93645,-1
262801,1
874333,-1
593952,2
874815,0
792528,0
96606,0
104081,0
951844,0
240191,0
741518,1
490704,0
787476,1
356997,0
804006,0
873876,2
623346,0
987897,2
914419,0
412157,2
2028,-1
605102,2
749238,0
307392,-1
397422,0
338237,2
80541,1
449512,2
294833,0
413620,1
387693,0
450373,0
589886,2
516932,0
581483,2
346955,1
734933,0
288357,2
303455,0
224575,0
576795,0
15284,0
573941,0
919384,2
719494,-1
24551,0
183366,0
336178,0
634250,1
609196,2
974078,1
839965,2
232062,-1
924312,-1
575336,0
124851,-1
806164,2
732761,0
500599,1
412117,2
906349,-1
913803,0
393406,1
189856,-1
310554,0
919892,-1
569801,-1
817363,0
440342,0
720834,2
406014,0
142478,2
759688,1
371839,-1
628608,2
488708,2
498562,0
43007,0
466461,1
103442,0
685532,2
488405,0
681057,1
353092,0
284569,2
395034,0
366099,2
577799,-1
854121,2
264258,-1
349261,2
122095,0
910800,-1
638147,-1
101951,2
309070,0
570235,2
59157,1
669686,0
558941,0
51268,2
991319,0
514870,0
52275,2
44216,0
326352,1
930456,0
837886,0
425286,1
354627,-1
590555,2
540462,-1
981998,2
135020,1
981661,-1
805343,0
776590,0
700547,-1
575771,-1
810435,-1
107181,0
122281,1
556956,0
77126,0
290670,-1
517369,2
808687,2
114203,0
15842,0
102935,0
23002,2
404865,-1
567081,1
211891,0
619002,1
684757,-1
179146,1
935520,1
824330,1
150637,0
119377,2
768227,2
149919,2
669199,0
185722,-1
336736,-1
544432,2
461608,-1
543004,2
34682,-1
92880,1
215890,0
888835,2
181401,0
189154,-1
872090,-1
845259,-1
218304,1
567409,-1
399514,0
672209,0
4403,0
445740,0
464276,2
886163,2
187666,-1
160670,-1
285723,0
272753,0
170877,2
698764,0
132467,1
39110,2
606934,2
17095,0
13523,-1
462723,0
389239,1
587505,0
690523,0
253146,0
167461,1
716193,2
754194,2
937593,1
795201,-1
941129,0
951756,2
541050,2
676119,2
383346,2
318732,-1
177261,0
374551,1
335242,2
669156,1
147257,2
631258,0
577768,-1
556221,0
172964,2
767518,0
905221,0
937706,0
676551,2
411028,0
968883,2
65085,-1
974176,0
281304,-1
860156,-1
885791,1
174569,2
674895,1
70824,0
604290,-1
927676,-1
731245,0
143452,2
342692,1
871087,-1
761613,1
798311,1
635795,-1
700014,0
791049,2
279700,0
507646,2
444407,0
465916,0
134834,2
852541,0
962364,-1
176463,1
992510,-1
975849,0
420299,0
704863,2
421447,-1
935240,2
461836,2
819440,2
419330,0
535890,1
841407,1
826224,2
546860,1
624360,1
587419,2
389504,2
860824,2
793887,-1
945522,0
436399,0
797196,2
642292,-1
258901,-1
233757,1
875599,2
860413,1
922066,0
719718,0
667210,2
954662,1
593300,-1
491493,0
943128,0
670317,2
550089,2
152533,-1
725903,0
685530,2
679978,0
247717,0
803475,-1
776944,0
232693,-1
752730,0
526205,-1
831699,0
739965,0
251342,2
718512,0
816966,0
903146,2
891315,-1
787078,1
21589,0
322283,-1
867456,2
22847,0
520018,1
767439,-1
808874,2
257679,-1
635476,1
336477,0
398328,2
386898,0
559407,0
658452,1
64700,0
636423,0
906223,0
773709,-1
441850,0
133043,2
553119,2
632138,0
320905,1
975115,0
38430,0
733245,2
384813,2
464528,2
786000,2
684182,1
221073,0
965970,2
691400,-1
691422,-1
63149,-1
94816,1
613499,0
910979,-1
50617,0
529874,1
144763,0
477049,0
718864,-1
799336,-1
429124,0
16399,2
389891,1
803662,0
45923,-1
260020,2
780749,1
618441,1
139969,0
723808,-1
188951,1
609927,-1
98321,1
513818,0
943916,1
847508,0
425538,0
231808,0
618984,0
810170,-1
952783,1
310439,0
955627,0
201714,1
253507,-1
336728,-1
739980,0
652034,0
786046,0
338331,1
978337,1
559940,1
930566,0
619635,1
44405,2
436944,2
609023,2
888451,0
565182,-1
230971,0
966471,2
633801,0
596337,-1
434014,-1
876617,1
60545,2
971322,2
634921,-1
851954,-1
717758,0
421679,-1
890281,2
665551,2
356135,0
963332,0
574829,1
81371,0
603906,2
468076,0
659606,2
97195,0
493580,2
880721,0
96026,1
252046,1
856130,0
472832,2
209090,2
609183,-1
514259,2
681249,-1
25872,1
408169,-1
905925,0
459544,1
913419,2
71764,-1
92104,-1
74545,2
870533,0
393229,0
686549,0
299868,-1
725140,0
661441,0
474203,2
242949,2
179621,0
537577,0
847478,1
884263,1
793221,0
819944,2
490010,0
939135,1
323575,2
893288,2
116830,-1
362231,2
471844,2
176547,2
565202,0
329502,-1
638907,-1
614055,1
51534,-1
945333,0
122940,0
469138,2
880749,0
778694,1
104364,-1
368719,-1
193727,0
665192,0
565739,-1
343223,0
279885,1
892105,1
140680,1
790521,2
412336,-1
445997,-1
779795,2
681616,0
367686,-1
506370,2
132168,0
759108,-1
607329,1
833214,2
989639,0
381419,2
152267,0
84283,1
983881,1
657049,0
460356,0
700177,-1
724623,0
269340,0
535460,2
552058,-1
163554,1
243130,-1
943320,0
931056,2
574005,1
321998,0
313038,0
651974,-1
744160,2
911544,0
28314,0
420118,2
865942,0
782992,0
175154,0
65902,2
787883,1
791692,0
207757,0
976442,1
758755,0
867625,0
607007,0
938596,2
994970,2
528695,-1
534510,0
661942,2
715352,-1
786120,-1
840591,0
649191,0
229841,0
783682,1
218198,1
446581,2
936827,0
152582,-1
728227,0
11920,0
622280,0
735540,1
9279,-1
757282,2
904522,-1
347211,2
820479,0
756206,-1
678920,-1
440259,-1
559157,1
406889,0
388681,0
88041,-1
854980,0
922520,0
213898,0
145369,2
860687,2
680519,2
321220,0
882331,0
907463,-1
335976,2
622805,0
349122,-1
324368,0
581146,-1
455964,-1
160166,-1
580239,0
18671,0
716376,-1
979435,2
252476,-1
838635,0
846835,0
981163,2
236535,-1
927987,1
710593,-1
610576,0
758414,2
18822,1
424206,0
154236,2
729958,0
407521,0
824810,2
554576,1
996125,0
508149,0
280895,0
110710,1
583480,0
667841,1
949978,1
396471,-1
837179,1
737124,2
294524,2
641827,-1
416947,-1
515505,-1
588319,1
604614,1
446458,0
37360,2
704078,1
544705,2
63842,0
901931,0
269577,0
138417,0
426497,1
674947,0
247478,1
209270,1
992108,-1
255923,0
972520,0
942975,0
664932,1
799405,-1
937887,2
173729,-1
485359,-1
134379,0
760079,2
398627,2
32929,-1
299783,0
44735,2
728497,-1
183312,-1
94753,0
14623,1
353731,1
297818,0
713609,-1
362414,2
34025,2
704233,0
579173,-1
591696,0
315835,1
270023,1
926733,1
30642,0
665957,0
28337,0
417278,1
50742,0
358351,0
200711,2
389793,-1
454424,0
717217,2
294907,2
198716,0
606121,2
970000,2
398295,0
849951,0
971806,2
500923,-1
307702,0
960324,0
645317,2
29213,2
477346,-1
299162,0
544515,0
880298,2
612332,2
766985,2
361680,-1
302664,1
200394,2
447949,2
99648,0
928859,0
83796,2
925802,1
294633,2
303648,2
314580,-1
572088,-1
200392,-1
641822,2
385091,1
556789,2
203724,2
296730,0
916865,2
435206,0
797442,2
586862,0
544527,-1
342507,1
159414,0
873750,0
240786,1
912315,-1
430947,-1
502009,0
406685,0
783825,0
994307,0
826534,2
958248,0
965880,1
641657,-1
250465,0
447013,0
855359,0
807064,2
986805,0
461201,0
488707,1
895905,0
801388,-1
34910,-1
242159,1
45534,2
976055,0
937872,0
838818,-1
590122,-1
21289,-1
762446,1
164145,1
397452,-1
95291,2
870694,1
419126,0
314286,0
951661,1
187089,-1
375759,2
679611,0
422353,-1
886918,2
678095,1
839278,2
379592,-1
738080,0
336714,1
1816,2
657388,1
683321,-1
477660,0
223453,0
421643,0
43719,0
381965,2
294032,2
109220,0
874526,2
440019,0
927947,0
574554,0
128567,1
378707,0
592854,2
456458,0
962041,0
750953,0
52542,0
122796,1
187289,0
265431,1
828671,0
244357,-1
753421,-1
204521,2
14384,2
938581,1
739493,1
272480,0
293270,0
407620,2
221779,-1
700583,-1
491385,-1
648006,0
271260,2
68436,1
7675,1
820467,2
957518,-1
192926,2
970423,0
960163,1
458966,0
644790,2
85869,0
775140,2
802518,0
110473,0
640417,2
280223,1
494357,-1
174044,2
731471,0
3723,-1
3202,0
549109,2
873234,0
580874,-1
56879,0
608787,0
151713,0
457952,2
155514,1
572568,-1
471996,1
749681,2
85658,-1
509974,2
45633,-1
163316,-1
168820,0
540509,2
203774,0
589068,2
930997,0
327726,1
673125,1
470462,0
275391,-1
723919,2
446680,0
141194,2
583867,1
302930,-1
757862,2
649240,2
551327,0
162535,0
715022,0
356711,0
279120,-1
564,-1
121545,0
242286,2
625921,2
216342,1
534568,-1
173469,1
451677,0
565007,0
858239,1
707167,-1
581249,2
833702,0
14926,2
448775,2
864201,0
15881,0
57888,0
525539,-1
672859,1
297051,0
413953,0
20613,0
783978,2
44946,1
739146,2
242763,-1
427532,0
482620,-1
338775,0
963222,0
853096,1
178136,1
507896,-1
872710,2
756649,2
427921,0
236300,1
472843,0
585050,1
722000,-1
652221,0
157054,0
758676,-1
842465,2
212791,0
695776,0
699957,-1
232164,0
517116,2
930064,0
576283,1
265567,0
17842,2
798939,1
168339,0
106814,2
825225,1
360538,2
612554,0
853657,2
98480,2
177484,0
777232,1
768047,2
881405,0
671404,0
329427,-1
184153,2
859092,1
456205,0
280330,1
203075,1
272683,2
102279,2
251364,1
691018,-1
171437,-1
584523,1
352915,-1
938918,2
118705,-1
362862,0
162835,2
684924,-1
192051,0
302733,-1
338757,-1
964326,2
84507,2
785363,1
504198,0
232387,0
169990,0
191543,0
746266,2
389694,0
202010,0
693828,0
234488,1
933815,0
536804,0
568070,2
757915,1
214113,-1
430081,0
219191,0
154202,0
265504,2
192317,1
231203,0
921692,0
582394,-1
103419,2
469177,0
67327,-1
409807,2
576187,0
550239,0
648313,0
375610,-1
288718,0
661607,-1
440008,-1
937627,1
721289,0
287145,2
281673,1
886513,0
407091,-1
42518,0
742525,2
118175,2
339939,0
746758,2
47529,0
750212,0
162028,0
937194,2
491132,0
474018,1
361042,2
799826,1
513377,1
329632,0
994041,0
721268,0
93850,1
610899,1
418447,0
502706,1
910420,2
103571,0
338728,-1
143979,0
908115,-1
224771,1
203179,1
784900,0
795672,2
197824,1
158701,0
863844,0
678273,-1
291587,-1
380473,0
144028,0
296369,-1
100221,2
353354,0
74660,0
359734,0
593537,-1
461573,-1
787803,0
498737,0
700957,1
504538,-1
736901,-1
651995,0
853083,0
582931,-1
356177,-1
140282,2
615437,-1
59916,1
358757,0
144672,0
239716,0
661831,0
795858,0
124164,0
129832,0
112460,-1
242681,0
160144,0
422103,0
546746,0
219843,0
151006,0
190868,-1
994821,1
531825,1
35242,2
858151,0
432143,1
12320,-1
831941,-1
584499,0
524383,0
795138,2
152972,-1
703808,0
620420,0
465164,0
384067,0
231989,-1
946557,1
154720,-1
948569,-1
435694,0
300631,2
702259,1
881456,2
870399,1
997972,2
662440,2
733984,2
578706,-1
232381,2
20967,-1
277542,0
191551,-1
11712,1
729970,0
937412,2
515785,0
27412,1
626724,0
718433,0
467242,0
127677,2
515849,2
962814,0
73851,2
448294,0
388958,1
88600,-1
815016,0
342255,0
315500,0
397781,2
497256,1
900685,0
895026,0
837882,2
857718,0
645914,1
429221,1
733705,0
644143,-1
168585,0
823781,1
732801,0
484639,2
144983,2
558804,0
78602,1
509354,1
59464,2
702425,2
194139,1
354470,2
697242,-1
959223,2
925997,1
964409,2
552441,2
704720,0
637471,0
392090,0
429352,-1
418244,-1
212699,0
433115,-1
596894,2
744616,1
700389,0
499577,2
939324,2
444327,0
899081,0
562893,0
430444,2
590926,2
301275,-1
341119,1
629890,0
292105,0
598093,-1
578681,0
450187,1
806371,2
377791,1
552683,1
310662,0
493968,1
213428,2
323918,0
659778,0
931821,0
466144,0
485827,1
576534,0
880020,0
983767,0
307996,0
901703,2
787373,1
488684,0
138535,2
116502,-1
418892,0
695046,-1
601032,0
260117,-1
84408,1
438427,0
260358,0
564732,1
727187,1
126996,0
166715,0
941101,1
963211,0
206732,0
754664,2
991119,0
573773,0
733913,0
324298,-1
286589,1
452072,0
574560,0
582553,1
387930,2
106633,0
209318,2
247440,0
645123,0
632243,0
41005,0
510964,2
126015,0
925313,0
946901,0
645629,1
568781,-1
966168,1
164600,0
76245,0
54719,0
7509,0
434728,1
68985,2
889229,0
617853,0
230037,2
598028,1
934017,0
204685,1
275992,2
365621,0
71091,1
972408,-1
109470,2
79549,2
362284,2
87027,1
7240,0
703452,-1
145197,1
1945,0
712767,0
511943,0
228503,2
675038,0
850882,0
157092,0
993050,0
190667,0
56081,1
320095,0
124432,2
929212,1
770494,2
759292,1
726964,0
355876,2
932500,-1
251875,0
147687,1
124352,0
567215,2
47328,-1
384546,0
714132,0
744069,0
904328,2
174271,-1
946120,0
340483,0
280836,-1
44911,2
438926,0
502640,1
613771,1
295236,0
651182,0
113815,1
70411,1
770580,0
425733,0
952906,1
859485,0
567060,1
533881,-1
470525,0
848469,1
568784,2
877185,2
168726,0
587093,1
987387,-1
342669,1
725378,-1
487075,0
344476,1
332836,0
767844,-1
262960,2
71648,1
529828,0
980495,0
389168,0
981338,0
795799,0
976940,-1
96321,0
41753,-1
194110,2
504128,0
780124,-1
356023,0
398872,2
345019,-1
776169,-1
359849,0
311294,2
618627,0
155605,-1
397357,2
880594,1
282389,-1
8701,0
646950,-1
701935,2
867236,0
169205,2
677356,1
551956,2
239983,0
829555,2
90918,1
604275,1
172579,0
9475,0
924591,0
676803,2
715117,0
795553,2
672587,1
273880,2
29004,2
596291,1
594134,0
684013,-1
262766,0
332492,-1
33218,2
511329,0
626443,-1
76165,-1
210055,-1
145456,0
131138,-1
864046,1
226831,2
641620,0
121792,-1
593310,2
998283,-1
366049,2
790955,2
484959,1
518884,0
444593,0
285948,1
262411,1
544648,2
181962,0
29667,1
101815,0
484679,0
165310,2
991755,-1
753084,-1
645827,1
797101,0
652094,1
415350,0
988696,-1
254341,1
619928,0
733556,0
874389,0
889535,2
18492,2
212156,2
446936,-1
99337,2
366122,-1
857685,-1
752290,1
784519,1
841029,2
818114,0
391759,1
218217,-1
514458,2
725621,0
277280,0
960351,0
497022,0
673763,2
576817,2
113307,0
623916,-1
650738,-1
647394,2
764007,-1
732898,2
391659,2
175838,0
467890,1
648786,-1
192616,0
280107,0
231690,1
760479,2
220087,1
27968,0
435534,-1
906542,0
682632,-1
807456,-1
985511,-1
531101,1
405436,1
477213,2
440967,0
334834,0
906815,0
478680,0
184856,0
527493,-1
562159,-1
244745,-1
642003,0
357986,0
46480,0
49925,0
979680,-1
662792,0
75837,-1
943024,2
576033,1
345642,-1
634597,2
743366,1
573632,2
292228,-1
843750,0
510205,0
709542,1
228488,2
922831,0
579403,-1
395851,2
440675,1
714011,0
679588,1
154261,0
701991,1
78214,0
807282,0
668050,1
734739,0
385189,-1
413920,2
651019,-1
255286,0
258396,1
931784,2
79989,-1
628610,2
439993,1
898414,2
681341,-1
150769,1
710936,2
616628,0
811994,2
556747,0
843257,0
99188,0
427006,-1
97899,-1
706552,1
717134,1
920814,0
583327,0
738594,0
506262,1
63123,1
929360,-1
741854,0
305707,0
837793,0
742000,2
918334,2
956244,0
493656,2
155104,2
598173,0
693350,0
858955,1
648396,0
381704,0
761694,1
880806,0
227080,2
623268,1
983828,-1
802279,0
987980,-1
211241,2
265042,0
174321,2
461455,2
399200,-1
52238,0
619713,2
219773,2
276473,-1
868018,0
758458,0
929280,0
589155,0
266361,-1
914494,-1
560119,2
486451,1
881623,-1
219667,2
380317,-1
221371,-1
37074,-1
713540,1
548241,0
611865,2
987116,2
322192,-1
216069,0
629946,1
13575,0
811195,0
265187,1
664758,1
682704,-1
403445,1
254631,1
616375,1
772787,0
964612,1
126727,-1
804398,0
904502,-1
771068,0
996118,2
48173,0
210227,1
236789,0
70995,0
706649,0
785152,-1
905971,0
895249,2
637993,0
626143,1
181536,-1
462251,1
146057,-1
186483,0
955391,1
627421,0
677657,1
109807,1
2354,-1
596661,1
697797,0
449687,1
89035,0
934819,2
474445,0
499061,0
222175,1
816137,-1
958446,1
451394,0
988130,-1
39619,0
531092,2
970953,2
6685,0
57260,0
339478,0
854673,0
391664,0
105187,0
489312,2
605384,-1
345792,0
498080,2
442883,0
366507,0
268424,0
548053,1
816356,-1
319790,0
406053,2
749147,0
860970,-1
848457,0
163149,0
133966,2
800062,0
702964,-1
44870,2
370116,0
264,0
691694,0
386234,0
622990,1
761421,-1
550240,2
18557,1
880977,2
900311,0
290640,0
834981,-1
805937,-1
5660,0
937229,1
602273,-1
756623,-1
314251,-1
859126,2
625840,1
628722,2
31683,0
637301,1
861106,2
962504,0
413768,1
509887,-1
252731,-1
795288,-1
710479,-1
174945,0
579830,-1
229717,-1
144271,0
379189,1
290199,2
200446,0
128390,-1
699939,1
108841,1
312441,-1
864148,-1
950584,1
961196,0
685323,-1
805401,1
698939,0
814000,0
58299,1
23273,2
995061,0
676193,1
546056,1
655182,2
69773,-1
587608,2
17138,0
280642,0
371093,0
779346,0
818106,0
318382,2
767509,1
777623,2
107387,-1
130632,0
187272,2
566063,0
286832,0
63870,0
128230,0
197323,1
716749,0
957299,-1
274019,2
203658,-1
191203,0
267003,1
716822,0
375666,0
823132,0
377725,2
18572,2
356855,0
105902,2
827866,2
478653,1
349139,0
68048,2
635269,2
363713,2
87799,2
915713,0
609213,0
1868,2
777800,0
574642,0
858064,1
638221,0
480115,0
596549,0
573227,2
667910,2
269505,0
681429,0
980390,0
904230,2
261374,0
889016,0
1873,2
427871,1
574530,2
602979,0
347948,0
282595,0
412481,-1
380725,1
63535,0
734774,0
179529,-1
633917,1
894682,0
158195,1
763806,0
848639,2
194609,2
865198,1
565875,1
496725,-1
953477,0
630968,-1
737186,1
526033,2
404501,0
558384,-1
904548,0
328893,2
455263,0
411075,1
370060,0
116665,-1
432933,0
608567,1
908282,-1
66979,-1
599838,0
543212,-1
885689,2
443882,1
876929,0
887643,-1
624540,2
34911,-1
580022,1
198211,0
630440,0
542738,2
871903,1
716228,0
406230,0
668064,0
314274,2
257686,0
101227,0
25290,2
375891,0
34010,0
40365,0
853758,1
788125,-1
213338,0
180139,0
55654,0
834951,0
627875,1
251339,2
440126,-1
272326,2
644600,0
398471,0
802594,2
573749,2
52505,2
434584,0
438631,-1
427939,0
915148,1
860272,-1
368060,0
774835,2
354242,0
570617,1
70495,-1
135174,0
682907,1
372076,2
367591,0
815570,-1
629181,2
829720,-1
221249,0
819991,2
237193,2
541924,0
27354,0
91111,2
182572,2
84978,-1
353319,-1
760882,0
166329,1
640783,0
328610,1
7783,0
610090,-1
880345,1
259391,0
254046,0
483168,1
634613,1
794011,0
864337,0
804186,-1
188819,2
133114,1
302105,0
879752,1
536387,0
193423,1
657857,-1
380045,0
594314,0
570237,-1
670097,0
918209,0
837336,-1
74832,0
599202,0
345439,-1
597691,0
623359,0
154926,0
543345,0
47506,2
968726,-1
417810,2
143490,1
378655,-1
946596,2
35342,0
622888,0
832165,2
192832,2
97549,2
495487,0
766048,-1
939033,2
138800,0
228761,0
574754,0
626985,-1
433348,0
192355,0
963107,2
999981,2
617958,-1
952959,1
959362,0
192609,0
66246,0
358555,-1
813493,1
382756,1
199914,0
266290,-1
553116,2
993994,-1
660130,2
589516,2
46337,-1
514759,2
162622,0
644185,-1
739106,1
971561,-1
659698,0
151215,2
416432,-1
769917,0
788844,0
492700,2
425952,2
235477,-1
527302,0
958454,2
602185,1
532355,2
421607,2
479614,0
438859,0
543088,0
462257,1
590371,-1
10969,0
589424,1
464478,-1
429596,0
798448,-1
23909,-1
376272,-1
923193,0
823747,0
457355,-1
347052,-1
66502,-1
299715,-1
312547,-1
826591,2
230066,0
907342,0
185909,2
964603,-1
652858,0
673484,0
659850,-1
325061,0
91808,0
123801,2
513943,-1
860175,2
815056,0
486326,0
855450,0
240653,0
757775,2
650557,2
610842,0
399725,1
348551,0
83045,2
70637,2
237678,-1
222133,0
865701,0
68152,0
767679,2
389088,2
575093,0
755276,2
125235,2
117833,1
850199,0
665252,-1
354103,0
85482,0
96215,0
420392,0
836749,0
96112,0
442655,1
493632,0
250104,1
431638,2
260943,1
28195,2
228403,-1
434759,2
609858,-1
726626,1
836744,0
387382,-1
566453,2
43761,2
815572,1
127076,-1
350807,-1
37942,-1
367769,2
374290,0
181464,2
806379,0
61948,0
531906,-1
658791,2
322278,2
901920,0
963328,0
405596,1
11922,2
74085,0
616402,1
280716,1
798339,2
133412,-1
739578,1
480835,-1
529150,1
174969,-1
278166,0
773548,0
737855,2
410542,2
211669,0
423622,-1
708256,1
448983,0
186031,-1
169019,1
101779,-1
650180,1
926550,-1
138491,2
391450,-1
934166,2
697839,1
720023,-1
971780,1
748213,-1
926054,-1
308665,2
210959,2
757381,2
519967,0
517695,1
828619,0
786684,2
654141,-1
26799,1
291929,0
482170,1
853745,0
300939,1
510814,0
167713,2
265139,1
155267,2
228872,0
384335,1
813193,2
38282,2
183876,0
720812,2
109534,2
259492,0
246290,-1
763749,-1
642286,-1
867952,0
8216,-1
320110,1
21464,1
310567,-1
615005,1
53859,1
297063,0
264190,1
443998,1
757742,2
754862,1
725854,-1
890956,0
321055,2
634254,0
235754,2
558955,0
65287,0
484377,2
10455,2
286352,0
113454,0
461270,0
488570,0
887186,0
758368,0
814188,0
8804,2
919559,-1
902551,0
836655,0
259266,2
843290,1
89878,-1
177737,2
709915,-1
538854,1
916160,0
226541,-1
138347,1
189907,0
835957,1
2453,1
288234,0
892628,0
347594,1
235588,0
468709,0
475853,0
508767,1
141974,0
505807,0
966179,2
800564,-1
897987,0
566665,1
31082,1
893407,0
497793,2
271869,-1
952902,-1
249204,1
425573,2
857643,2
970991,2
820814,0
771165,1
522475,2
134378,2
208843,0
781292,-1
488788,2
56755,2
677231,0
430403,1
492666,0
690704,0
86820,1
729700,2
910595,0
627411,1
544675,0
236936,2
707145,-1
723320,2
534852,2
585851,-1
789872,2
489844,-1
626956,0
520654,0
466279,1
615839,-1
340614,2
578623,0
986836,-1
699946,-1
491981,2
302985,-1
821321,1
872096,2
83112,0
916902,0
74318,-1
41781,0
108426,2
540514,1
350015,2
504130,0
569630,0
48076,0
582428,-1
678581,1
933542,0
204455,0
483251,1
101551,-1
596456,0
98551,-1
136985,1
378502,0
661017,2
631081,0
397495,2
429301,0
653053,1
873776,-1
85162,-1
721865,1
142098,1
957871,0
885270,-1
63750,0
258944,0
86728,-1
70534,0
790364,2
643306,2
298528,1
240070,-1
445578,1
678471,1
112618,2
838761,2
604353,2
355764,1
829347,2
157025,0
528161,2
439782,1
412030,1
764877,2
53914,2
197159,0
87861,-1
626983,1
852887,0
130659,0
532269,0
721124,2
207930,2
555759,2
971279,0
303159,2
507693,1
465871,-1
934290,-1
182683,1
825197,0
436717,0
866022,2
113016,0
244750,0
502527,0
162559,0
463464,0
763405,2
18702,0
238567,1
704788,0
651389,1
744950,0
129143,-1
384556,-1
76106,0
256890,0
520293,0
889555,0
746129,-1
427951,2
731007,-1
429288,0
20860,0
993045,1
176478,2
895762,0
569333,1
212305,1
725658,-1
728982,0
933352,0
484356,-1
255786,0
829635,1
334593,2
188684,2
815072,1
442122,0
36020,2
421230,-1
627623,-1
980821,-1
781008,-1
645631,2
163845,1
949415,2
284280,-1
961923,0
138561,-1
935550,0
832262,0
712116,1
713337,1
784039,2
702165,0
738465,0
132050,-1
499967,2
367567,-1
623626,0
825528,2
375901,0
810713,0
712277,2
102007,0
187527,0
378155,2
634492,0
675346,2
901159,2
466180,0
915897,0
804521,2
145454,2
178673,2
617471,0
875322,0
129150,0
622678,0
21744,0
704991,2
519115,1
380592,1
268542,2
291316,2
338268,0
239293,2
531330,0
300066,0
50540,1
113908,-1
585990,-1
752092,2
79291,0
347916,1
864940,-1
7787,2
629207,-1
575917,0
432436,-1
597885,2
173756,2
867822,0
278415,1
528119,2
118755,2
356576,2
748080,0
51429,-1
698409,2
388085,1
307283,0
704405,0
812733,-1
717339,0
293579,0
406738,0
228132,0
286368,-1
577734,0
135143,0
620854,0
369683,2
323400,2
417301,-1
436059,0
721249,0
773767,-1
333656,2
568768,0
43272,-1
938568,0
172948,-1
983276,0
803312,0
76720,0
511620,0
512613,0
984860,-1
95573,0
850914,2
482213,1
269621,2
193531,1
595368,2
107866,1
469303,1
818727,0
635858,0
965686,2
299643,2
624867,0
304109,-1
88015,0
26930,0
764165,1
830407,0
533945,2
832256,0
730474,0
142120,-1
52465,2
970804,-1
415836,-1
605423,1
472333,2
248830,0
47690,-1
816723,0
278217,0
204745,1
100347,-1
17989,1
385330,0
659215,2
575962,-1
41877,-1
147107,-1
12509,1
873931,1
961460,0
991948,2
882799,2
597075,1
397560,-1
922131,-1
516390,2
36679,-1
355749,2
111961,1
333377,0
519677,0
292196,2
200571,-1
532693,-1
696374,-1
36398,0
963871,0
760952,2
507103,0
243383,1
51662,0
788143,2
193781,2
102407,2
76051,-1
41988,0
29210,0
733080,2
985373,0
872691,-1
49560,0
198799,0
601351,0
767895,0
88166,2
272120,0
761653,0
439734,2
225986,-1
271947,2
20794,-1
172350,-1
93349,-1
207577,1
193393,1
919838,0
303267,1
215238,0
753001,-1
860932,0
731781,1
772579,0
945782,0
565594,1
668399,0
187894,-1
24733,-1
127237,1
57546,0
813037,0
365946,-1
486202,2
226177,2
83339,0
475772,2
733562,1
672377,2
325473,0
960228,0
338453,0
303865,2
984308,0
176390,1
110266,0
723823,2
713426,0
65837,1
959568,0
259915,0
414319,2
734239,0
951585,1
991551,-1
538053,0
159032,1
760242,0
511303,-1
205139,0
713411,0
404299,1
520934,0
962258,2
589683,2
879487,0
595853,0
893537,0
510701,0
506168,1
935401,2
172217,0
107737,0
843898,0
75963,1
792583,0
788850,1
171453,0
721682,0
504393,0
457122,0
967876,-1
778564,2
384288,2
918649,2
932202,-1
596826,1
533476,-1
510491,-1
542316,0
994967,0
19929,0
600094,2
415619,-1
954438,0
68040,0
621500,0
219085,0
511936,0
24310,1
92102,2
606534,-1
71316,1
680063,-1
322709,0
489062,-1
508651,1
727703,-1
4932,1
962717,0
261801,0
235490,-1
526141,1
464597,-1
402932,2
874966,2
38647,2
874952,-1
45839,1
11704,0
415601,-1
62116,0
857982,2
270552,0
916824,0
195763,-1
580302,0
746004,0
21524,1
756045,1
291523,0
168193,0
951740,2
719914,0
221414,2
46653,2
682720,2
358950,1
287098,0
98062,2
129794,0
881908,1
346851,-1
420600,2
496637,0
184565,-1
806189,0
309088,0
377531,-1
767728,1
366827,0
268773,1
434121,1
416182,0
768348,1
451039,-1
141243,-1
400389,0
984894,0
844684,0
413599,-1
366303,2
934357,0
710000,1
76567,1
273418,-1
169343,-1
158615,2
568416,-1
529243,2
951670,-1
163851,0
111020,2
222806,2
504194,0
403341,-1
409964,0
164886,0
575926,0
50353,1
511508,0
824922,1
306457,2
791734,2
320087,1
389556,2
7867,2
266834,-1
297246,-1
972720,0
832558,-1
973815,1
121239,1
173190,2
347349,2
801067,0
554970,-1
942489,0
318547,0
433231,-1
214255,1
964352,2
296345,0
369301,-1
786938,2
248151,0
706539,1
243277,2
1848,0
988928,0
829412,0
876162,0
983975,-1
920807,0
857409,2
642964,1
740115,2
287561,1
65414,2
115578,0
996029,0
530221,1
390917,0
879745,0
664859,0
29179,-1
329827,2
76057,2
815249,-1
516224,1
879490,0
870513,2
447999,2
282117,0
551584,0
896735,0
378299,2
362462,0
817340,-1
339234,2
384300,0
372535,0
481501,1
22762,1
485119,-1
960924,0
1286,0
484608,1
96406,0
119877,2
704187,-1
639303,1
226794,0
466728,1
267290,2
197811,1
192879,1
541183,1
268167,1
222652,2
389701,1
778178,2
899742,1
611148,2
412287,0
154379,0
337433,2
4992,1
952134,2
614950,2
433589,0
431329,0
973104,2
345041,0
9154,2
159443,-1
328167,0
410690,0
560172,1
475421,2
693871,1
765176,0
473084,1
948517,0
614570,-1
240361,0
179722,0
221023,-1
147626,0
82010,1
660216,2
954078,1
201149,2
362596,0
306287,0
480623,0
83287,0
860488,0
659668,2
443467,1
401669,0
605414,1
411340,0
6215,2
34173,2
927611,-1
417370,0
829063,0
955137,2
974180,0
513478,2
63637,2
3608,1
143481,-1
279637,1
12633,0
91354,-1
456539,0
103459,2
724466,-1
917465,-1
677645,1
625671,0
368134,-1
418287,0
830297,0
850990,2
99241,0
713539,-1
776332,0
611692,-1
378145,2
692646,0
551222,2
41841,0
676647,2
964118,0
829668,2
416481,2
585188,2
119077,0
122135,2
541838,-1
176060,0
864487,2
751214,2
219125,0
660479,1
490868,1
826967,0
129768,1
750892,0
720402,1
453224,2
704902,0
796499,0
533138,0
751954,2
654466,1
379806,0
584321,0
21580,1
628187,2
604103,0
324896,1
403714,0
679294,-1
288757,2
885811,0
87060,2
226855,2
208873,0
385795,-1
36354,2
231516,1
898881,0
439774,0
41702,1
697039,0
118268,0
230412,2
401943,1
317235,1
190442,-1
324957,0
211902,-1
719624,2
422031,1
941377,2
125441,1
242012,-1
242306,-1
342079,2
656786,0
665159,0
449945,0
879883,0
749307,-1
66606,-1
635824,0
810058,-1
281353,1
708472,-1
819973,-1
867318,2
608853,0
972226,-1
800498,0
793922,0
198481,1
252111,0
325911,0
485103,0
672238,2
18275,0
144361,-1
995474,0
392717,2
308265,2
39492,0
69444,2
12457,0
212664,0
816340,2
606236,0
194914,2
216293,1
303599,-1
343159,0
206331,-1
524269,2
434114,-1
86292,-1
987282,2
562537,1
404732,2
764897,0
816811,2
377492,-1
46126,-1
637184,0
432808,1
314173,0
515732,0
838114,0
66701,-1
621746,2
266646,0
560557,0
793372,0
913750,2
139199,-1
420137,0
292903,2
651987,0
157858,-1
270569,-1
362026,2
443999,-1
588978,-1
211628,0
609004,1
482845,0
598339,2
943724,0
794232,0
272594,-1
899087,2
429784,2
760840,-1
28149,0
808742,0
150908,1
768682,1
820329,-1
173226,0
259838,0
368871,-1
855825,0
786513,-1
156853,-1
789157,-1
5991,-1
734105,0
30992,-1
467775,-1
111368,2
973179,-1
861404,0
95859,1
640918,2
222268,-1
715936,2
615609,1
964807,-1
950784,1
754178,1
897363,-1
389753,0
968374,2
610718,0
821120,2
792286,1
306378,-1
944027,0
672988,-1
926873,1
576218,2
614007,1
548378,0
768017,0
654397,0
235861,0
391370,-1
186071,-1
824006,-1
663965,0
823710,-1
378005,2
730502,1
314573,1
385871,-1
434233,2
802739,2
521973,1
875614,-1
307688,1
331041,0
901681,-1
465021,1
247820,2
203128,2
229310,2
227668,-1
970187,2
948579,0
240077,0
792835,0
541891,0
376905,2
420718,-1
462840,1
88860,-1
83832,2
739920,2
787253,2
105649,0
4602,0
765248,1
112884,2
732506,-1
666883,2
539233,0
715698,-1
694079,0
6025,1
422546,0
926173,2
303801,0
179173,1
339152,0
225522,2
277373,0
413184,0
607498,0
811297,2
72944,2
868808,1
668850,2
394292,2
222476,2
571858,0
676920,0
171213,0
231952,-1
644763,1
711281,0
329512,0
351285,2
780051,0
494771,0
276685,1
458846,1
5049,-1
966777,0
610678,0
821446,2
987377,1
766106,2
169484,1
260149,-1
593061,-1
734995,0
209613,1
626252,0
667510,0
743735,2
805447,1
323315,2
568282,0
637648,-1
84755,1
755282,0
704830,-1
396421,2
479893,1
959482,-1
970686,-1
221268,0
144987,0
937007,0
325308,2
550486,0
583351,0
737106,0
6394,2
867691,0
786510,2
157931,-1
532896,0
826598,0
799476,0
776730,-1
880076,0
278774,2
144722,2
821217,2
457259,-1
39408,-1
464147,0
693720,1
401381,-1
382649,2
327761,2
999519,1
109855,0
139161,0
573474,0
276329,0
191012,1
338409,0
598434,2
318459,1
285434,1
296356,-1
162435,0
476311,0
603693,0
909464,2
183481,-1
749966,2
642063,2
191936,0
516300,-1
201656,0
689131,-1
210664,0
715905,-1
546018,-1
316131,0
780104,-1
941293,-1
966698,0
331959,0
675148,-1
495010,-1
785573,0
992003,0
292482,0
316399,2
207963,-1
915900,0
656892,-1
295105,-1
36492,1
597849,2
473441,-1
576935,-1
840716,0
777967,0
974517,-1
832211,2
423131,1
836914,0
82167,2
969815,-1
804703,0
457817,0
685085,-1
646257,-1
624130,2
582559,0
423169,0
657337,2
88960,0
269970,1
105374,2
482268,0
782859,1
592629,0
336497,2
57312,-1
402798,-1
324231,-1
58998,-1
922240,1
724277,1
122922,-1
592514,0
77165,0
468630,1
621373,2
398635,2
559697,1
214414,2
619976,2
455298,-1
660578,1
643036,2
913457,-1
287368,2
813930,-1
307025,1
551415,0
689333,0
611269,0
935392,2
897868,1
236645,-1
77481,1
618553,-1
633595,2
655062,-1
699074,-1
195308,-1
595210,0
945743,0
191854,0
987819,0
397016,0
308507,2
43551,0
240695,-1
286168,0
915509,2
869683,2
295238,0
273952,1
584394,2
195900,2
715663,0
851063,1
393719,0
285491,2
474768,2
988237,2
422929,0
531642,2
245695,0
879694,0
420847,2
442565,2
232430,-1
398214,2
394365,0
426338,-1
330020,1
785007,0
972338,2
942593,2
961346,1
764846,1
669522,-1
319959,-1
181107,-1
408404,-1
523048,1
101999,0
172983,2
671524,1
849739,-1
346827,0
476615,2
895125,1
92275,0
784034,2
463466,2
541545,0
229217,2
486638,2
318073,1
238027,0
123946,1
926635,2
957341,0
331416,0
912415,-1
737710,1
123939,2
197071,0
355991,0
939791,0
35780,0
238540,2
578043,-1
559830,2
663080,0
637989,2
609853,-1
688250,1
573526,0
122197,0
698843,2
978695,2
276003,-1
180966,2
640355,1
528396,0
838575,0
224086,1
25107,0
941017,0
83294,0
488157,-1
280143,0
234739,2
580721,-1
907765,-1
556068,-1
212700,1
353721,0
675982,0
339284,1
191301,0
168885,0
732303,1
793043,-1
699639,1
312517,1
352208,2
266989,0
901063,2
675882,2
320560,0
245351,2
522325,-1
703585,1
641049,-1
45110,2
414797,0
269667,-1
242813,0
367599,1
654104,2
894232,1
287449,2
573969,1
573083,2
543358,-1
672556,-1
761778,-1
790474,-1
576012,1
391509,-1
766952,2
37858,0
703952,1
840146,0
317102,2
663313,-1
350256,0
302864,0
950748,1
559829,0
316929,2
885671,-1
926884,0
151033,-1
956089,0
578319,2
502372,0
55085,0
844569,1
657020,1
327419,-1
774068,0
215327,2
53274,-1
165384,2
216655,0
895964,2
658815,2
392139,2
303725,-1
95260,0
29266,0
941438,2
786762,0
687815,1
58178,-1
892211,2
38872,0
6715,-1
115420,0
564035,0
655450,2
536531,-1
558684,1
521553,-1
702061,0
270836,2
579324,2
186889,1
813889,1
864478,2
879657,2
748146,-1
273325,-1
52520,1
620251,-1
967986,0
255772,2
124459,0
778658,0
730026,0
524315,1
808795,0
410560,0
736913,1
585868,1
860621,1
911013,-1
350251,0
583294,0
237397,1
810871,1
302920,-1
826197,-1
552138,2
948170,2
734002,0
381149,-1
87066,2
393025,1
242100,0
73720,2
248576,2
757481,2
949825,-1
122392,0
454520,1
246599,2
587755,-1
696011,-1
702158,2
577157,0
779146,2
361064,0
568478,1
293138,0
886852,1
641390,0
309204,2
861978,0
65678,0
37161,2
44459,2
212306,0
15931,-1
839468,1
206409,1
80465,-1
902010,0
184219,-1
45607,0
337771,0
89645,1
414134,0
357355,-1
783782,-1
537334,0
818133,2
314957,0
793240,-1
903549,-1
505388,-1
903516,0
830608,2
708649,0
699265,2
199279,2
423050,1
84479,-1
692437,-1
511157,0
134111,2
457774,-1
444789,0
28139,1
532892,-1
896668,1
807831,0
566437,1
122276,0
330625,1
459982,2
37020,2
248792,0
67871,1
818267,0
899530,2
598012,1
105391,0
734981,1
194458,0
525857,-1
299185,-1
303968,0
623420,1
491902,-1
405671,0
283285,-1
314315,0
342649,2
811594,-1
877953,0
250020,0
482420,1
811970,2
410045,2
768287,2
10140,2
381026,2
824589,-1
566239,1
168376,2
925405,2
175224,2
761939,0
701364,0
634818,1
691110,-1
386807,-1
885006,-1
486755,2
335914,1
961423,-1
48070,-1
86376,0
857017,2
70184,1
808139,1
348386,-1
924242,2
686843,1
49160,2
302490,1
183669,2
945556,2
664348,0
556462,1
643411,2
428375,0
855864,0
566490,0
830535,0
382,0
373785,0
734921,0
171713,2
556800,-1
88973,-1
658337,0
4709,0
877084,-1
445620,-1
270537,1
703375,0
46873,1
899754,1
795861,2
812551,1
535591,0
80055,0
570775,-1
607294,-1
346257,1
834872,1
214043,1
613413,-1
1960,0
591346,-1
716050,0
449744,1
746121,1
576177,-1
742262,1
603256,0
995594,1
491003,1
258024,0
132811,1
739061,0
515952,1
622935,0
448716,0
357570,0
459647,1
694067,2
342342,0
458106,-1
943571,0
592617,2
847809,0
676499,0
393921,2
307201,1
814178,-1
33055,-1
316616,0
246745,-1
28308,0
793207,-1
334667,-1
805610,0
747215,0
124201,2
360821,0
461119,0
301741,0
491775,-1
930852,-1
208706,0
54869,0
62066,0
10993,2
629210,-1
483522,-1
810782,1
801097,2
117955,0
857587,0
756775,2
886329,0
629213,1
130697,2
412538,-1
34139,0
149935,-1
813785,0
74650,1
465837,-1
353152,2
331104,-1
56069,0
723413,0
243069,2
482844,-1
516277,-1
634035,0
331193,1
474759,-1
488620,2
839352,2
391234,-1
313648,0
659109,2
662221,2
296437,-1
193971,1
787920,-1
535511,-1
769581,2
349431,-1
929265,1
795123,0
155398,0
725497,2
235678,2
369892,0
989976,2
685160,2
345451,0
875429,2
588854,2
398409,0
142668,0
868078,2
449764,1
194389,1
465891,0
861701,0
668682,1
859322,1
397319,2
662170,0
447574,2
550614,-1
434903,0
939644,1
629964,0
822224,0
372060,0
575133,1
996535,0
627536,0
773818,2
943559,-1
910094,1
40552,-1
949845,1
893456,2
799680,-1
478024,0
249709,0
815643,-1
10542,0
313029,-1
551318,1
682768,0
541054,0
921977,1
40585,-1
2551,1
3449,2
306708,1
33638,0
340490,1
371368,2
403307,2
443723,0
917808,2
109773,2
964844,1
875387,1
807641,0
190559,0
929097,-1
216996,1
305367,0
560286,2
643108,1
991972,1
65425,0
336322,0
126840,1
66121,2
619287,1
124378,1
587313,2
447439,1
699344,0
700265,2
201084,0
787460,0
772476,-1
999493,0
649075,0
754715,0
20118,0
606310,-1
629888,-1
138102,0
966636,2
260253,0
837801,0
411449,2
46829,0
422748,-1
703922,2
329328,-1
604545,2
194969,-1
386862,0
778479,-1
25665,-1
587685,2
154455,0
810205,2
429754,2
497142,0
332117,2
689977,-1
15344,2
348067,0
445232,1
110434,0
23501,0
745898,0
348993,1
86112,-1
847851,1
609103,0
839077,-1
257291,0
529894,-1
589853,2
916547,2
479855,-1
715783,0
764927,2
784447,0
862004,2
788502,0
905470,1
59972,2
558929,0
749131,2
33039,0
692983,2
456800,0
167743,0
206677,0
76347,2
975857,-1
900572,0
776019,1
315754,2
618247,0
854472,1
767416,0
824297,-1
226628,2
384950,-1
470743,0
628227,-1
569901,1
183605,-1
39796,0
967810,1
842975,2
829262,-1
43283,2
263778,0
544747,0
160865,1
870306,2
317941,0
242541,0
264786,1
502689,2
175518,0
966995,0
58075,0
936594,1
945413,-1
956383,1
796714,0
994587,0
855668,0
632029,0
99436,1
498187,1
459281,-1
314913,-1
343021,-1
761759,-1
9180,0
118420,0
144978,0
259239,1
597539,0
803311,-1
678530,2
738379,2
784916,-1
723261,2
520511,0
318150,0
347280,0
658258,0
834309,-1
742929,0
957353,0
892508,-1
629115,0
45783,1
374554,0
533692,0
239498,0
31211,2
236762,2
499387,1
372368,2
264138,-1
76328,-1
114951,1
814831,2
268297,1
87226,0
145525,0
742467,1
733277,0
556429,-1
984662,0
863695,0
718856,0
556202,0
458662,0
4008,-1
65794,0
308686,-1
77619,0
986237,-1
536921,0
327880,1
519276,1
344602,-1
369696,0
183392,-1
21776,0
103782,0
395442,-1
528923,0
203021,0
210803,1
244909,1
201132,1
333838,0
242928,-1
549548,2
971087,2
198173,2
507787,1
744350,0
989276,2
464956,0
825104,0
893902,2
790917,1
939067,1
44875,2
725908,2
162327,1
857432,0
512973,0
665155,1
481258,0
101492,0
282384,2
563804,0
380930,1
63274,2
796774,0
642040,-1
500526,-1
671048,1
486218,0
511422,2
165759,-1
645301,0
710223,1
990571,1
569637,-1
721243,2
548509,2
274643,2
695145,0
255777,0
593154,2
502769,2
599372,1
579198,0
174276,0
952316,0
146567,2
519007,0
497620,0
83071,-1
316882,0
441233,1
534393,0
313809,0
515011,0
53376,0
449332,0
358684,0
910878,1
683328,0
632209,0
63394,-1
258494,1
17146,2
113406,1
791872,1
30382,2
468651,1
807521,-1
844696,2
37056,0
697676,-1
108031,2
863487,0
550647,0
872306,1
368994,0
987129,0
293586,-1
659119,2
489550,2
688476,0
557113,2
458344,0
343594,-1
423020,0
3462,2
256331,0
182779,0
726997,2
839310,1
366691,-1
793782,-1
761451,0
529987,-1
880139,2
907108,2
95023,0
340565,2
313583,0
91110,1
674536,1
725981,1
791988,2
10750,2
70886,0
568043,0
148204,0
955877,-1
710384,-1
700357,1
403622,2
379890,-1
214790,2
673915,0
599658,2
514363,0
12212,2
37585,0
269742,0
561455,-1
233339,0
734564,0
152162,-1
652743,0
842866,-1
829108,0
427747,1
385763,2
867962,0
584277,1
977469,-1
4565,-1
596205,0
106146,-1
194447,-1
935981,-1
382689,0
877209,1
951367,0
886593,1
413497,0
168716,0
779455,1
209806,0
556990,-1
55922,2
393562,2
980856,0
921808,0
463431,2
574520,1
116121,2
43620,1
941858,-1
977028,0
127189,2
997627,1
146296,1
68755,-1
969351,0
666496,0
742828,0
594821,-1
248163,0
212783,2
530408,1
271077,1
29116,2
97327,2
103934,0
5281,2
966764,1
833394,2
769034,-1
427885,-1
101015,0
135053,0
445073,0
594718,-1
485337,2
652031,0
295823,0
898107,1
621822,0
593768,0
724899,0
87739,0
830073,0
142961,2
61106,2
221043,0
696913,-1
295268,1
753928,0
649950,0
238297,1
265204,1
19559,0
305511,0
992050,0
346418,2
82564,0
212312,1
150821,2
680282,0
711087,0
883893,2
360801,0
578270,2
788765,1
684593,0
177297,0
658714,0
946725,-1
935871,2
453781,-1
370318,0
702503,0
278400,1
944133,-1
647470,1
475065,0
592615,0
579070,1
134505,0
642708,0
167603,-1
555272,2
743195,2
959807,-1
217024,0
443267,1
397017,1
596814,-1
533952,0
800696,2
112363,-1
988128,-1
759592,2
684206,0
159362,0
246328,-1
304396,2
54264,0
908329,0
849716,2
424570,1
133226,2
624182,-1
847038,2
534999,-1
514432,0
489534,0
417355,-1
714692,2
250868,2
192977,0
645212,0
903171,1
214224,0
332795,1
230188,2
957788,2
102140,2
574414,0
471592,0
782767,2
151657,-1
324578,1
999173,1
741669,1
934059,2
219327,0
640084,-1
865195,1
577052,0
507163,-1
408984,-1
639773,0
479385,0
169503,0
110462,0
251179,2
969955,0
933588,-1
365700,2
267452,2
797195,1
280489,0
149414,0
942202,-1
603517,1
326443,-1
292224,1
521526,2
960021,2
806425,1
231162,0
568815,0
966665,2
360405,1
495872,-1
320667,0
66860,0
581466,-1
248539,-1
108857,2
644838,2
474280,-1
787055,0
277933,0
273967,0
556307,1
807648,2
51870,2
94877,0
116574,0
399562,2
730487,0
951265,2
926505,0
170438,0
372720,1
591257,0
165101,1
152577,0
288444,2
57552,2
643771,-1
958204,2
320134,-1
210202,-1
120685,2
326563,0
265061,1
764221,2
177961,0
106628,2
282903,2
981255,0
697050,-1
699241,-1
646970,1
695251,0
832086,1
152329,1
561889,0
590212,1
914020,0
675260,0
307271,2
738307,-1
670025,-1
140016,2
973171,1
732909,2
153191,0
716583,1
422296,2
293089,0
134300,-1
892921,2
465699,1
609512,2
580483,1
176298,2
884073,1
172648,0
395722,0
351392,2
721553,2
681784,-1
385663,0
844602,-1
888673,2
976202,-1
846688,-1
954728,0
618950,-1
762599,-1
539961,0
550361,-1
407571,-1
656096,0
378318,0
967793,-1
75392,0
177800,2
408225,0
680118,0
297379,2
527068,-1
434966,0
900632,0
130158,1
341406,0
522679,0
483207,0
221942,-1
587012,0
441095,0
536195,0
43396,0
991333,0
542338,2
966161,0
209660,1
653577,2
357971,2
407024,1
94220,0
638817,0
194215,1
856259,0
614917,0
621121,0
278551,1
106543,1
637263,2
868154,-1
928749,0
311979,1
299209,0
838786,1
740050,-1
618306,-1
125116,0
943217,-1
556335,0
522328,0
708449,1
76467,-1
713495,0
317157,0
874864,0
769447,-1
723661,0
169776,0
341817,-1
279315,1
56671,2
586033,2
424489,2
670559,1
813882,2
743424,0
998561,1
35843,0
148459,1
141814,1
899926,2
66867,0
249425,0
827222,1
933298,-1
717876,2
76495,0
170533,0
278,0
614316,1
215952,1
486044,-1
565883,2
333596,2
774118,1
759320,2
729321,-1
734928,0
996973,2
263240,2
967543,2
88271,0
51682,0
765829,2
526501,2
538022,2
464819,0
743385,0
352378,2
896685,2
344913,0
103328,0
317955,2
323535,1
884118,0
907600,-1
319388,0
94543,1
906238,0
166594,-1
498008,0
20718,0
137232,0
576299,2
213588,0
745401,1
490678,-1
407623,2
57607,0
874698,1
708834,0
698181,0
789444,-1
846358,-1
726457,2
721486,-1
85593,0
612031,2
338459,2
11187,0
64779,-1
257851,1
222681,2
85769,2
491695,2
69652,-1
978637,1
194315,-1
842272,0
566358,-1
836624,2
896889,0
928128,0
32619,2
4454,1
300730,0
462746,-1
18230,2
762818,0
786587,2
709164,-1
310079,1
300903,0
311755,0
52324,0
756349,0
360063,2
679442,0
121576,1
491908,0
660702,2
728978,-1
849682,2
548683,0
277746,-1
912506,0
261231,1
481398,2
529619,1
864134,0
764226,2
257799,0
366010,0
578643,1
857669,1
478994,2
673788,1
836471,-1
5195,0
744071,1
819993,1
105033,-1
577219,0
451731,1
839701,2
873740,0
103273,2
829729,2
687709,1
975580,0
992939,2
755969,-1
425274,0
449925,2
673834,2
242524,2
699239,0
964461,2
189638,0
440494,-1
286814,0
947754,-1
611158,0
930418,0
881582,-1
321503,1
978268,1
90863,0
461856,2
159752,-1
893413,-1
97582,0
70433,0
54251,0
202195,2
410018,0
505784,1
273223,0
886247,0
938271,1
943867,1
131809,-1
617622,1
377222,-1
477261,0
640045,0
965900,-1
19444,2
359565,1
608805,-1
232495,0
123701,0
817217,2
635161,-1
247020,0
617451,1
938781,-1
30759,2
705452,2
349996,-1
119394,2
896443,0
719233,-1
607289,0
303795,-1
123568,1
287032,-1
914400,0
24611,-1
441152,0
100465,0
257636,0
587932,0
323729,-1
50830,2
599546,0
552116,-1
878865,-1
494211,-1
803869,0
882581,0
535734,1
995446,2
318172,0
51166,2
801017,-1
447285,1
735991,0
100505,2
72085,-1
844827,0
204185,0
135358,2
265254,0
426503,-1
226392,1
829793,2
822833,1
613321,0
789678,0
167452,0
134392,1
761645,-1
265477,2
456308,-1
928781,1
488311,0
637257,1
398134,0
291255,2
636686,2
691251,-1
717856,0
921344,0
16525,-1
738565,2
114799,0
64363,0
349755,2
709627,2
896596,0
126674,2
20322,2
344127,-1
380343,-1
431495,1
666836,1
979256,0
522596,2
922437,0
936407,1
177547,-1
854940,2
219086,2
285478,2
376394,0
278668,2
803944,1
919590,-1
671551,0
944137,-1
794925,2
756835,0
485914,1
60176,0
45335,0
155423,0
777221,2
302729,0
270476,0
564907,2
868071,0
511137,2
765166,2
686589,0
179460,-1
979548,1
161158,0
122086,2
242717,2
820265,0
301262,1
548778,1
50847,0
816109,2
529955,-1
223003,0
306003,0
670436,-1
927913,0
797806,1
518697,0
320211,0
312148,-1
703919,0
951694,-1
78201,-1
178353,2
856674,1
88796,2
763171,2
961797,2
331941,0
61059,0
228395,0
906839,-1
796076,2
550181,2
584668,2
858574,1
397634,-1
774584,0
376780,0
571842,0
598952,-1
251053,-1
156160,2
209792,2
623700,-1
386349,1
975607,1
710461,-1
414286,2
504386,-1
615210,-1
686504,-1
201360,0
477876,2
857523,2
65576,-1
311290,-1
354703,0
713717,1
3484,0
333986,0
433077,0
987845,0
487343,0
389631,2
349078,2
110116,2
853938,-1
280471,-1
528472,-1
148108,0
344553,0
916759,0
259516,0
961234,1
423634,0
857805,0
397365,2
857555,1
989563,2
288858,0
29623,-1
296324,1
195452,-1
89006,0
685999,1
953360,-1
398016,0
23380,2
858247,1
251406,2
892567,1
544308,2
736038,0
788588,1
422746,0
839256,-1
151320,0
306785,2
847300,2
992698,0
659398,2
147593,1
145217,0
223963,0
810561,1
291291,2
703836,1
211575,1
238579,1
210624,0
819555,0
558154,1
592357,0
276482,2
673932,1
995721,1
592147,0
773618,0
684165,2
350641,0
87764,0
272814,0
435767,1
62657,0
296443,1
263147,0
671827,0
928178,1
467586,0
755440,0
254496,1
460932,-1
147670,2
569718,2
643831,0
886969,2
232075,0
109532,2
468568,2
4936,0
203154,0
27673,-1
129667,-1
98126,0
279960,2
417611,1
179502,-1
649846,0
972392,0
690263,2
844854,2
64801,0
725765,-1
500151,0
137665,0
327170,0
737240,0
835581,0
975161,1
76414,0
957883,2
946476,-1
933294,2
854047,0
117233,0
270551,0
65083,0
202684,-1
64863,-1
390621,2
149562,0
292543,2
263451,2
40122,2
573893,0
774671,-1
879851,0
86848,-1
397160,0
475194,-1
637080,1
740039,-1
925132,0
629995,0
687834,0
869772,-1
762016,2
926397,0
647788,-1
562390,2
535086,0
424682,1
877815,2
696873,0
475889,-1
31358,2
378750,0
444206,0
608581,2
728954,0
957113,-1
801794,0
518225,0
358103,0
680249,0
330131,-1
639079,0
568837,2
674514,1
408712,1
751683,-1
83788,2
870105,-1
506017,1
990787,2
249793,2
500428,0
474046,2
285709,-1
738823,0
713163,-1
254402,1
784922,2
172957,2
152465,0
808051,2
485595,0
907857,2
976351,0
890487,0
22342,1
793794,-1
397069,2
696234,0
446222,-1
421398,2
133429,0
906252,2
414092,2
921186,0
73317,0
750866,1
404488,0
217262,0
82084,0
178765,0
856902,1
128311,2
28674,-1
622104,0
530054,1
381560,0
98355,2
740344,1
138808,0
170089,1
226215,1
423833,2
369913,2
95896,2
97840,-1
89084,0
239009,2
366412,-1
851148,0
474593,0
633845,2
51545,2
278633,1
39361,2
221510,0
66321,0
66661,0
613615,0
942704,2
15587,2
353103,0
271735,-1
159461,0
807877,0
934854,2
409387,0
203644,0
635192,-1
772176,1
227248,2
319106,0
128668,0
731220,1
311826,1
808440,1
615105,1
723926,2
582734,2
520223,-1
858352,0
606234,-1
276096,0
254986,1
381775,-1
592526,2
230347,-1
61228,0
819339,-1
995982,0
727863,2
186751,1
964719,1
125624,0
344973,1
949789,0
599330,-1
265518,0
298147,2
226325,0
239874,2
301650,0
157290,0
345248,1
137668,0
387140,2
393316,2
940665,1
206952,0
541428,2
886796,-1
546374,0
922849,2
857364,0
528773,-1
348027,-1
534413,2
447525,-1
607037,1
136714,1
698954,0
496231,-1
112559,2
746719,0
56423,0
111610,0
59106,0
324423,-1
903495,2
522578,2
330418,0
170036,1
811734,-1
336133,0
61446,0
286684,-1
86718,2
378434,1
95056,1
157217,0
678843,0
131307,0
531053,-1
947694,-1
759959,2
976235,-1
772212,2
869188,-1
7256,1
910026,0
970748,0
960297,-1
487259,-1
2648,0
93493,2
320569,0
435902,1
24812,2
709950,0
191870,-1
544288,2
599634,1
948396,0
628855,0
219705,-1
76369,-1
209707,0
529193,1
488505,-1
649995,0
328227,0
734220,2
569724,1
617157,0
835618,1
497694,0
6641,-1
791125,0
479666,2
232716,2
786460,2
492966,1
885363,0
346906,1
295934,1
650486,0
958263,-1
939823,2
69802,-1
264749,-1
744004,0
903111,0
464048,-1
353129,0
781817,0
105244,0
899313,0
421940,0
651955,0
966826,0
277192,2
557101,1
16077,-1
788753,-1
636671,-1
209113,2
17873,-1
263873,0
818047,0
274518,-1
137245,-1
210901,-1
452172,-1
814366,1
212158,2
90901,0
143454,0
761556,0
505773,1
601972,1
74231,1
815985,0
481732,-1
627871,0
594469,-1
350756,1
269893,1
6511,2
436306,2
780075,-1
143536,0
635339,-1
904919,2
775083,-1
201705,0
71322,-1
718755,-1
355397,2
7480,0
676361,2
27930,1
689435,-1
6365,2
117872,0
303319,-1
758069,1
519052,2
173245,0
906749,1
9631,0
186664,2
818801,0
610128,2
200984,1
946451,-1
588728,0
132012,0
746803,1
684358,2
180750,2
997932,2
291282,2
865532,1
937154,2
272540,0
28014,0
54105,-1
677318,-1
142298,0
546152,1
131990,-1
930247,2
405814,-1
849259,0
970178,-1
775969,0
251906,1
209894,-1
82633,2
216329,2
147245,2
375068,1
432029,-1
681008,2
985356,1
83642,2
924379,-1
474657,2
966145,2
943890,0
226367,-1
60192,2
893971,1
418543,0
13358,0
520619,0
321598,0
741056,-1
936461,-1
143146,0
535965,-1
281202,1
165837,1
613580,-1
446237,2
897909,0
35072,0
334267,2
150295,0
414005,2
691449,1
586333,0
805955,2
994946,1
535234,2
990339,1
245539,0
142285,0
471258,-1
181421,2
804056,2
250453,-1
422794,0
896160,-1
493299,-1
579107,-1
853420,0
661565,-1
373413,1
962094,2
41812,2
504594,-1
507593,0
210061,2
287454,0
536194,0
814693,2
400723,-1
397613,1
609991,0
343360,2
519580,-1
631971,0
468411,2
239916,-1
937873,0
562422,1
422498,2
88056,0
370179,2
729780,2
758644,0
965567,2
327049,1
973414,-1
109041,-1
457236,-1
703005,-1
666461,0
200379,0
800041,0
645036,2
888342,2
308411,-1
896890,0
346042,0
211349,1
719119,-1
599794,-1
710238,-1
654615,-1
744157,0
68991,2
62494,0
119981,1
858023,2
470649,1
824428,2
499614,1
382254,2
927245,-1
63744,1
175662,-1
808354,-1
859015,-1
22385,-1
245056,-1
237976,0
884803,0
107153,0
467496,-1
935108,0
835385,-1
345228,-1
656751,-1
64369,0
822812,-1
893774,1
300949,0
368266,0
762993,2
364409,2
165076,-1
845006,0
482039,-1
934736,1
964388,0
57305,0
955294,1
64942,1
339722,-1
804326,0
196186,0
945210,0
910005,0
256047,-1
684487,2
596984,-1
100902,1
555448,-1
972459,0
925684,0
331377,-1
326789,1
649869,0
447927,2
162757,2
121988,0
876900,0
428436,2
980099,1
469400,2
69303,-1
901450,1
469091,-1
107745,0
759608,0
105104,-1
937094,2
505536,2
166852,0
955751,0
297133,0
840457,2
246498,0
453796,0
752359,-1
680137,2
651615,2
34294,2
566577,2
546774,0
672130,0
180963,2
894127,1
818501,0
57049,-1
480533,0
249370,1
175803,2
390055,2
797992,0
720945,1
538702,0
526631,2
233659,1
288602,2
810965,0
111100,2
528758,1
564829,0
538223,0
39918,1
128542,1
110687,-1
198596,-1
64585,-1
586728,0
223741,2
753397,-1
290174,1
542214,0
372837,-1
288012,2
94780,-1
964126,1
869801,-1
366133,2
702070,0
407850,2
681790,0
528548,2
830318,0
720943,0
355391,2
910133,0
644426,1
892393,2
147139,2
242092,0
337513,0
442543,0
331242,0
697685,-1
238142,0
639271,0
390876,0
892822,0
368716,0
391611,0
26366,1
830437,0
213126,1
421994,0
585939,-1
475433,1
481193,0
388001,1
721285,2
395050,1
577469,1
211607,-1
574907,0
805807,2
661405,1
767832,0
851400,0
726350,0
826614,2
821952,1
468095,1
225454,-1
937705,-1
346504,0
372790,-1
715616,0
281080,0
361431,-1
434867,0
425309,1
698813,2
615023,0
641,2
937551,0
133842,0
252814,2
575434,2
242013,2
206664,2
399851,0
104630,1
237325,-1
814076,0
438092,0
902087,-1
845881,-1
93753,0
746802,0
545644,-1
494858,0
744232,0
518375,0
673188,1
650394,2
579240,2
283548,1
964677,2
733088,0
795451,2
189822,0
554376,0
83587,-1
77193,2
802848,2
258627,0
665792,1
322201,1
23535,0
630135,0
848949,-1
802178,-1
203862,-1
239658,2
456223,0
586979,-1
474632,-1
651329,2
889489,0
725388,1
477844,-1
376894,2
402248,1
310164,2
130849,0
374093,0
481749,1
463808,0
288000,0
845217,0
757316,-1
262230,2
167856,2
215975,0
182510,0
396184,0
449083,0
627919,0
944107,-1
314291,2
907344,0
380697,1
374602,-1
568728,0
32358,2
358751,-1
601169,-1
563515,-1
825374,1
401164,0
269512,2
736903,1
665185,0
703493,2
649176,2
89747,2
801434,2
750936,2
62996,0
197941,0
931726,0
999411,0
166179,0
415347,0
703334,-1
535633,0
848046,2
26885,-1
656503,-1
876235,2
253058,2
335901,0
486930,1
519709,1
751553,0
15916,-1
876083,0
549489,0
484787,2
339205,-1
293922,0
716370,0
121979,-1
355364,-1
652890,2
736209,-1
506571,2
874194,0
24852,2
960566,0
932863,0
329246,1
339552,0
175017,0
605037,-1
910328,0
379922,0
620027,2
798220,0
378654,1
90310,1
660044,-1
143190,2
350310,0
743542,2
66186,-1
772331,0
205514,2
743938,1
534691,-1
52110,2
179889,-1
921175,-1
516392,2
967962,2
8838,2
192236,0
212983,-1
203985,2
710768,-1
524220,1
750797,0
964888,-1
969489,2
178619,1
704138,2
132174,0
46263,-1
817449,2
870810,-1
233755,2
609080,-1
981674,0
417942,0
992917,2
84796,-1
346872,2
631393,2
340881,-1
216823,0
182348,2
567946,1
141268,0
684612,-1
687469,2
702863,0
286035,2
284067,0
458157,0
834117,0
255010,-1
797499,0
646377,2
940776,0
195519,0
993798,0
364112,0
197836,0
245546,0
365759,1
896324,-1
351010,2
502504,-1
332354,2
484950,2
37265,0
202025,-1
886374,0
180486,0
687405,0
298447,0
9338,0
982971,0
328782,0
208788,0
477780,2
941588,-1
576611,-1
947570,-1
997910,0
74986,0
496365,0
502482,1
961810,0
94242,2
183339,2
780613,2
658499,2
144485,1
485804,0
265961,0
974437,1
430035,0
906357,-1
327332,0
460921,-1
493471,0
16241,1
58712,2
816270,2
910551,0
771337,0
573204,2
367907,2
372518,0
639437,0
474666,1
648482,2
143860,0
114275,2
358451,-1
576988,1
346022,1
533375,0
887942,0
643526,0
435200,2
73621,-1
430733,0
187712,0
216777,0
236330,0
615817,-1
279661,-1
515797,0
846929,1
927705,0
337882,1
651214,1
751056,0
248125,-1
659759,2
44797,2
798117,-1
638313,1
204555,-1
540417,1
352057,-1
799088,0
934720,-1
529609,0
358662,-1
704245,0
932974,-1
531048,0
71743,0
767345,0
530839,0
815047,1
128752,0
39654,-1
132905,1
116459,-1
165532,2
502758,-1
284295,0
29769,1
818671,2
201465,1
663088,0
184683,0
281280,1
496917,-1
229445,0
906993,1
734003,0
970888,1
75892,1
829171,0
487955,2
127968,0
274632,2
731069,2
221632,-1
769168,-1
641285,2
454883,2
821566,2
314629,2
82988,-1
696785,0
797805,0
525201,-1
599152,0
466357,2
191679,0
777617,-1
3581,-1
176471,-1
188510,2
852019,0
687573,0
1499,0
687976,-1
815050,0
670948,1
321255,2
683149,0
157906,0
723426,2
977979,0
693058,0
917095,1
197950,1
812383,0
122505,-1
913830,2
286098,0
76092,0
544534,2
370160,0
527515,2
617472,2
177127,2
173098,0
328325,0
443275,1
662169,1
745784,1
877890,-1
129486,1
57431,-1
184494,2
653677,2
77414,0
766841,0
340443,1
331063,2
560136,1
791454,0
804182,2
996054,0
997577,2
678955,2
146227,1
299148,2
964213,2
703910,2
651805,1
360112,2
554929,0
460850,1
266567,0
988459,2
54960,-1
262128,1
390911,0
663234,1
207607,1
166012,1
215025,0
819232,1
738464,0
152114,2
812759,0
249602,1
802862,0
713304,1
577367,2
491349,0
652650,0
967930,2
900531,0
869994,-1
677812,0
576783,0
401607,0
935016,0
743175,1
966359,0
208243,1
332009,0
486157,0
343615,2
462164,1
407405,1
931719,2
642445,0
940529,0
693850,-1
846956,-1
999669,0
256463,-1
37534,1
930321,0
495749,1
363368,1
482774,1
968706,1
984473,2
537348,1
511380,1
74611,1
714843,0
83398,2
953071,-1
644182,0
636836,0
591233,1
479785,0
366080,1
86880,-1
285987,1
560727,1
248082,2
53406,0
152769,2
953075,-1
798231,1
596716,-1
496433,-1
68652,1
415102,-1
247580,0
739680,2
467608,1
120848,2
799462,-1
580292,0
943835,0
990402,-1
955360,2
947963,2
784748,2
502914,2
365296,0
158992,2
471246,0
345671,2
687199,2
321723,2
174439,2
442391,-1
750827,-1
171801,0
165677,0
563428,1
464821,0
116432,0
204331,0
644706,2
305351,-1
731500,-1
17208,-1
19337,-1
8755,2
133797,-1
255140,2
627021,0
914045,0
763365,0
655183,-1
773911,0
411123,1
125139,0
647348,-1
335490,0
660005,-1
612647,0
53118,2
402290,2
954816,2
285572,2
682172,0
229711,1
17840,1
959088,-1
638708,1
940588,0
288271,-1
961513,-1
46205,-1
27319,0
634943,-1
895714,0
875167,0
78329,2
867455,1
470892,0
